{
  "type": "extendedcrafting:combination",
  "powerCost": 10000,
  "input": {
    "item": "compressium:cobblestone_9"
  },
  "ingredients": [
    {
      "item": "minecraft:water_bucket"
    },
    {
      "item": "avaritia:infinity_catalyst"
    },
    {
      "item": "minecraft:lava_bucket"
    },
    {
      "item": "avaritia:infinity_catalyst"
    },
    {
      "item": "minecraft:water_bucket"
    },
    {
      "item": "avaritia:infinity_catalyst"
    },
    {
      "item": "minecraft:lava_bucket"
    },
    {
      "item": "avaritia:infinity_catalyst"
    }
  ],
  "result": {
    "item": "compacter:cobbler"
  }
}