{
  "__comment": "Instructions: https://mods.blakebr0.com/docs/cucumber/tags-config",
  "forge:ingots/constantan": "immersiveengineering:ingot_constantan",
  "forge:ingots/tungsten": "null",
  "forge:ingots/tin": "electrodynamics:ingottin",
  "forge:gems/sapphire": "null",
  "forge:ingots/bronze": "electrodynamics:ingotbronze",
  "forge:ingots/electrum": "immersiveengineering:ingot_electrum",
  "forge:silicon": "tinyredstone:silicon",
  "forge:gems/apatite": "null",
  "forge:ingots/silver": "electrodynamics:ingotsilver",
  "forge:dusts/saltpeter": "electrodynamics:dustniter",
  "forge:ingots/steel": "electrodynamics:ingotsteel",
  "forge:ingots/platinum": "null",
  "forge:ingots/lead": "electrodynamics:ingotlead",
  "forge:ingots/graphite": "bigreactors:graphite_ingot",
  "forge:ingots/uranium": "bigreactors:yellorium_ingot",
  "forge:ingots/aluminum": "electrodynamics:ingotaluminum",
  "forge:ingots/mithril": "null",
  "forge:ingots/iridium": "null",
  "forge:ingots/zinc": "create:zinc_ingot",
  "forge:ingots/invar": "null",
  "forge:gems/ruby": "null",
  "forge:dusts/niter": "null",
  "forge:ingots/chrome": "null",
  "forge:ingots/brass": "create:brass_ingot",
  "forge:ingots/titanium": "electrodynamics:ingottitanium",
  "forge:rubber": "null",
  "forge:dusts/sulfur": "electrodynamics:dustsulfur",
  "forge:ingots/nickel": "immersiveengineering:ingot_nickel"
}