{
  "name": "Magic Progression",
  "quests": [
    {
      "uuid": "066f2cf4-212c-43f6-af66-045d9589b1f3",
      "name": "Gold Leaves",
      "description": "In order to start with Nature\u0027s Aura, you will need to  make some brilliant fiber, and place it in some leaves (like infesting with silk worms). This, after a while, will create some leaves that when broken will drop gold leaves.",
      "x": 27,
      "y": 120,
      "icon": {
        "id": "naturesaura:gold_leaf",
        "Count": 1
      },
      "tasks": [
        {
          "type": "DETECT",
          "items": [
            {
              "item": {
                "id": "naturesaura:gold_fiber",
                "Count": 1
              }
            },
            {
              "item": {
                "id": "naturesaura:gold_leaf",
                "Count": 1
              }
            }
          ]
        }
      ],
      "prerequisites": [],
      "optionlinks": [],
      "reward": [
        {
          "id": "naturesaura:gold_leaf",
          "Count": 16
        }
      ],
      "rewardchoice": [],
      "commandrewards": []
    },
    {
      "uuid": "c4368ee3-70df-4e71-81fd-4f737ae04697",
      "name": "Celestial Altar",
      "description": "The Celestial Altar is the next one you are able to do.",
      "x": 157,
      "y": 146,
      "icon": {
        "id": "astralsorcery:altar_constellation",
        "Count": 1
      },
      "tasks": [
        {
          "type": "DETECT",
          "items": [
            {
              "item": {
                "id": "astralsorcery:altar_constellation",
                "Count": 1
              }
            }
          ]
        }
      ],
      "prerequisites": [
        "581b9259-86d1-4037-89a1-454de2983cd9"
      ],
      "optionlinks": [],
      "reward": [
        {
          "id": "astralsorcery:aquamarine_sand_ore",
          "Count": 64
        }
      ],
      "rewardchoice": [],
      "commandrewards": []
    },
    {
      "uuid": "0e187c73-43d3-4bfb-a5a0-3afa6dba10a5",
      "name": "Mana Generation",
      "description": "A simple and common way of generating mana is to set up a dropper with some redstone and use it to drop coal for some Endoflames to use.",
      "x": 131,
      "y": 16,
      "icon": {
        "id": "botania:endoflame",
        "Count": 1
      },
      "tasks": [
        {
          "type": "DETECT",
          "items": [
            {
              "item": {
                "id": "botania:endoflame",
                "Count": 1
              }
            }
          ]
        }
      ],
      "prerequisites": [
        "31963383-391a-4b09-add2-76782c136018"
      ],
      "optionlinks": [],
      "reward": [
        {
          "id": "botania:endoflame",
          "Count": 7
        }
      ],
      "rewardchoice": [],
      "commandrewards": []
    },
    {
      "uuid": "d76cd21d-d33a-4a4c-a98b-6c9714f2ae61",
      "name": "Runes",
      "description": "There are four levels of runes. The first level is the elemental ones. The season runes are the next level. The Sin runes are the third. The final level of runes are the nine world runes.",
      "x": 183,
      "y": 16,
      "icon": {
        "id": "botania:rune_water",
        "Count": 1
      },
      "tasks": [
        {
          "type": "DETECT",
          "items": [
            {
              "item": {
                "id": "botania:rune_water",
                "Count": 1
              }
            },
            {
              "item": {
                "id": "botania:rune_fire",
                "Count": 1
              }
            },
            {
              "item": {
                "id": "botania:rune_earth",
                "Count": 1
              }
            },
            {
              "item": {
                "id": "botania:rune_air",
                "Count": 1
              }
            },
            {
              "item": {
                "id": "botania:rune_mana",
                "Count": 1
              }
            }
          ]
        },
        {
          "type": "DETECT",
          "items": [
            {
              "item": {
                "id": "botania:rune_spring",
                "Count": 1
              }
            },
            {
              "item": {
                "id": "botania:rune_summer",
                "Count": 1
              }
            },
            {
              "item": {
                "id": "botania:rune_autumn",
                "Count": 1
              }
            },
            {
              "item": {
                "id": "botania:rune_winter",
                "Count": 1
              }
            }
          ]
        },
        {
          "type": "DETECT",
          "items": [
            {
              "item": {
                "id": "botania:rune_lust",
                "Count": 1
              }
            },
            {
              "item": {
                "id": "botania:rune_gluttony",
                "Count": 1
              }
            },
            {
              "item": {
                "id": "botania:rune_greed",
                "Count": 1
              }
            },
            {
              "item": {
                "id": "botania:rune_sloth",
                "Count": 1
              }
            },
            {
              "item": {
                "id": "botania:rune_wrath",
                "Count": 1
              }
            },
            {
              "item": {
                "id": "botania:rune_envy",
                "Count": 1
              }
            },
            {
              "item": {
                "id": "botania:rune_pride",
                "Count": 1
              }
            }
          ]
        },
        {
          "type": "DETECT",
          "items": [
            {
              "item": {
                "id": "mythicbotany:asgard_rune",
                "Count": 1
              }
            },
            {
              "item": {
                "id": "mythicbotany:vanaheim_rune",
                "Count": 1
              }
            },
            {
              "item": {
                "id": "mythicbotany:alfheim_rune",
                "Count": 1
              }
            },
            {
              "item": {
                "id": "mythicbotany:midgard_rune",
                "Count": 1
              }
            },
            {
              "item": {
                "id": "mythicbotany:joetunheim_rune",
                "Count": 1
              }
            },
            {
              "item": {
                "id": "mythicbotany:muspelheim_rune",
                "Count": 1
              }
            },
            {
              "item": {
                "id": "mythicbotany:niflheim_rune",
                "Count": 1
              }
            },
            {
              "item": {
                "id": "mythicbotany:nidavellir_rune",
                "Count": 1
              }
            },
            {
              "item": {
                "id": "mythicbotany:helheim_rune",
                "Count": 1
              }
            }
          ]
        }
      ],
      "prerequisites": [
        "33f25ddb-1cc1-4ea9-99e1-7ca22718e881"
      ],
      "optionlinks": [],
      "reward": [
        {
          "id": "botania:blacker_lotus",
          "Count": 32
        }
      ],
      "rewardchoice": [],
      "commandrewards": []
    },
    {
      "uuid": "581b9259-86d1-4037-89a1-454de2983cd9",
      "name": "Starlight Crafting Altar",
      "description": "Upgrading your Luminous Crafting Table will allow you to craft more things.",
      "x": 79,
      "y": 146,
      "icon": {
        "id": "astralsorcery:altar_attunement",
        "Count": 1
      },
      "tasks": [
        {
          "type": "DETECT",
          "items": [
            {
              "item": {
                "id": "astralsorcery:altar_attunement",
                "Count": 1
              }
            }
          ]
        }
      ],
      "prerequisites": [
        "36f9212c-d82b-48e7-8f1a-af126fc98948"
      ],
      "optionlinks": [],
      "reward": [
        {
          "id": "astralsorcery:rock_crystal_ore",
          "Count": 16
        }
      ],
      "rewardchoice": [],
      "commandrewards": []
    },
    {
      "uuid": "23c7dccd-2e6d-425e-b8d1-a225db967050",
      "name": "Rending Gale",
      "description": "Used to make the Angel Ring, this can help you stay safe off the ground.",
      "x": 183,
      "y": 42,
      "icon": {
        "ForgeCaps": {
          "Parent": {
            "Items": [
              {
                "filter": {
                  "id": "minecraft:feather",
                  "Count": 1
                },
                "amount": 0
              }
            ]
          }
        },
        "id": "xreliquary:rending_gale",
        "Count": 1
      },
      "tasks": [
        {
          "type": "DETECT",
          "items": [
            {
              "item": {
                "ForgeCaps": {
                  "Parent": {
                    "Items": [
                      {
                        "filter": {
                          "id": "minecraft:feather",
                          "Count": 1
                        },
                        "amount": 0
                      }
                    ]
                  }
                },
                "id": "xreliquary:rending_gale",
                "Count": 1
              }
            }
          ]
        }
      ],
      "prerequisites": [
        "7d21622a-bdfc-4edb-abb5-ac46a32ae430"
      ],
      "optionlinks": [],
      "reward": [
        {
          "id": "xreliquary:glowing_bread",
          "Count": 16
        }
      ],
      "rewardchoice": [],
      "commandrewards": []
    },
    {
      "uuid": "3828f3f4-a51f-4d64-a694-88de74abedca",
      "name": "Witherless Rose",
      "description": "With this in your inventory those silly skeletons\u0027 touch will not bother you.",
      "x": 105,
      "y": 42,
      "icon": {
        "id": "xreliquary:witherless_rose",
        "Count": 1
      },
      "tasks": [
        {
          "type": "DETECT",
          "items": [
            {
              "item": {
                "id": "xreliquary:witherless_rose",
                "Count": 1
              }
            }
          ]
        }
      ],
      "prerequisites": [
        "8b9a55e8-b2e9-4a67-87d4-ec476a4b75e8"
      ],
      "optionlinks": [],
      "reward": [
        {
          "id": "minecraft:wither_skeleton_skull",
          "Count": 3
        },
        {
          "id": "minecraft:soul_sand",
          "Count": 4
        }
      ],
      "rewardchoice": [],
      "commandrewards": []
    },
    {
      "uuid": "8e5aecdc-7019-4f7d-ba47-8b2be07f2efd",
      "name": "Fancy Robes",
      "description": "There are three levels of fancy robes to make.",
      "x": 157,
      "y": 94,
      "icon": {
        "id": "ars_nouveau:archmage_robes",
        "Count": 1,
        "tag": {
          "Damage": 0
        }
      },
      "tasks": [
        {
          "type": "DETECT",
          "items": [
            {
              "item": {
                "id": "ars_nouveau:novice_hood",
                "Count": 1,
                "tag": {
                  "Damage": 0
                }
              }
            },
            {
              "item": {
                "id": "ars_nouveau:novice_robes",
                "Count": 1,
                "tag": {
                  "Damage": 0
                }
              }
            },
            {
              "item": {
                "id": "ars_nouveau:novice_leggings",
                "Count": 1,
                "tag": {
                  "Damage": 0
                }
              }
            },
            {
              "item": {
                "id": "ars_nouveau:novice_boots",
                "Count": 1,
                "tag": {
                  "Damage": 0
                }
              }
            }
          ]
        },
        {
          "type": "DETECT",
          "items": [
            {
              "item": {
                "id": "ars_nouveau:apprentice_hood",
                "Count": 1,
                "tag": {
                  "Damage": 0
                }
              }
            },
            {
              "item": {
                "id": "ars_nouveau:apprentice_robes",
                "Count": 1,
                "tag": {
                  "Damage": 0
                }
              }
            },
            {
              "item": {
                "id": "ars_nouveau:apprentice_leggings",
                "Count": 1,
                "tag": {
                  "Damage": 0
                }
              }
            },
            {
              "item": {
                "id": "ars_nouveau:apprentice_boots",
                "Count": 1,
                "tag": {
                  "Damage": 0
                }
              }
            }
          ]
        },
        {
          "type": "DETECT",
          "items": [
            {
              "item": {
                "id": "ars_nouveau:archmage_hood",
                "Count": 1,
                "tag": {
                  "Damage": 0
                }
              }
            },
            {
              "item": {
                "id": "ars_nouveau:archmage_robes",
                "Count": 1,
                "tag": {
                  "Damage": 0
                }
              }
            },
            {
              "item": {
                "id": "ars_nouveau:archmage_leggings",
                "Count": 1,
                "tag": {
                  "Damage": 0
                }
              }
            },
            {
              "item": {
                "id": "ars_nouveau:archmage_boots",
                "Count": 1,
                "tag": {
                  "Damage": 0
                }
              }
            }
          ]
        }
      ],
      "prerequisites": [
        "824f6fe3-7c27-44c1-902d-de869031539c"
      ],
      "optionlinks": [],
      "reward": [
        {
          "id": "ars_nouveau:blank_parchment",
          "Count": 16
        }
      ],
      "rewardchoice": [],
      "commandrewards": []
    },
    {
      "uuid": "b67b9434-4f83-4446-8284-56a6a0a28c05",
      "name": "Offering Table",
      "description": "This simple offering table will be useful to you.",
      "x": 105,
      "y": 120,
      "icon": {
        "id": "naturesaura:offering_table",
        "Count": 1
      },
      "tasks": [
        {
          "type": "DETECT",
          "items": [
            {
              "item": {
                "id": "naturesaura:offering_table",
                "Count": 1
              }
            }
          ]
        }
      ],
      "prerequisites": [
        "24ddd96c-e2ba-4651-8d88-a5b64b3f05e5"
      ],
      "optionlinks": [],
      "reward": [],
      "rewardchoice": [],
      "commandrewards": []
    },
    {
      "uuid": "36f9212c-d82b-48e7-8f1a-af126fc98948",
      "name": "Liquid Starlight",
      "description": "Collecting this slippery fluid is going to be essential in working with the stars.",
      "x": 53,
      "y": 146,
      "icon": {
        "id": "astralsorcery:liquid_starlight_bucket",
        "Count": 1
      },
      "tasks": [
        {
          "type": "DETECT",
          "items": [
            {
              "item": {
                "id": "astralsorcery:well",
                "Count": 1
              }
            },
            {
              "item": {
                "id": "astralsorcery:liquid_starlight_bucket",
                "Count": 1
              }
            }
          ]
        }
      ],
      "prerequisites": [
        "0a8e010f-51f4-4a33-9977-e9eae46ef7aa"
      ],
      "optionlinks": [],
      "reward": [
        {
          "id": "astralsorcery:liquid_starlight_bucket",
          "Count": 1
        }
      ],
      "rewardchoice": [],
      "commandrewards": []
    },
    {
      "uuid": "876932a9-d92c-461f-84a6-d8dac13efba0",
      "name": "Pure Daisy",
      "description": "A pure daisy is the first flower you are going to want.",
      "x": 53,
      "y": 16,
      "icon": {
        "id": "botania:pure_daisy",
        "Count": 1
      },
      "tasks": [
        {
          "type": "DETECT",
          "items": [
            {
              "item": {
                "id": "botania:pure_daisy",
                "Count": 1
              }
            }
          ]
        }
      ],
      "prerequisites": [
        "31963383-391a-4b09-add2-76782c136018"
      ],
      "optionlinks": [],
      "reward": [
        {
          "id": "botania:pure_daisy",
          "Count": 1
        }
      ],
      "rewardchoice": [],
      "commandrewards": []
    },
    {
      "uuid": "59a3e84d-bd2c-432a-a840-b0d9c3ccbfab",
      "name": "Blood Orbs",
      "description": "Craft at least one of each blood orb.",
      "x": 53,
      "y": 172,
      "icon": {
        "id": "bloodmagic:weakbloodorb",
        "Count": 1
      },
      "tasks": [
        {
          "type": "DETECT",
          "items": [
            {
              "item": {
                "id": "bloodmagic:weakbloodorb",
                "Count": 1
              }
            },
            {
              "item": {
                "id": "bloodmagic:apprenticebloodorb",
                "Count": 1
              }
            },
            {
              "item": {
                "id": "bloodmagic:magicianbloodorb",
                "Count": 1
              }
            },
            {
              "item": {
                "id": "bloodmagic:masterbloodorb",
                "Count": 1
              }
            }
          ]
        }
      ],
      "prerequisites": [
        "c3507bfc-d3c4-4f87-893e-47293d2754ab"
      ],
      "optionlinks": [],
      "reward": [
        {
          "id": "bloodmagic:blankrune",
          "Count": 16
        }
      ],
      "rewardchoice": [],
      "commandrewards": []
    },
    {
      "uuid": "33f25ddb-1cc1-4ea9-99e1-7ca22718e881",
      "name": "Runic Altar",
      "description": "The runic altar is a basic crafting tool. One of the first things you will want to craft are some runes.",
      "x": 157,
      "y": 16,
      "icon": {
        "id": "botania:runic_altar",
        "Count": 1
      },
      "tasks": [
        {
          "type": "DETECT",
          "items": [
            {
              "item": {
                "id": "botania:runic_altar",
                "Count": 1
              }
            }
          ]
        }
      ],
      "prerequisites": [
        "3fb51bba-5981-46f0-ae63-873dc5d839cc"
      ],
      "optionlinks": [],
      "reward": [
        {
          "id": "botania:blacker_lotus",
          "Count": 8
        }
      ],
      "rewardchoice": [],
      "commandrewards": []
    },
    {
      "uuid": "0a8e010f-51f4-4a33-9977-e9eae46ef7aa",
      "name": "Luminous Crafting Table",
      "description": "In order to start with Astral Sorcery, you will need to find a structure (in the Lost Cities) that allows you to craft a luminous crafting table.",
      "x": 27,
      "y": 146,
      "icon": {
        "id": "astralsorcery:altar_discovery",
        "Count": 1
      },
      "tasks": [
        {
          "type": "DETECT",
          "items": [
            {
              "item": {
                "id": "astralsorcery:altar_discovery",
                "Count": 1
              }
            }
          ]
        }
      ],
      "prerequisites": [],
      "optionlinks": [],
      "reward": [
        {
          "id": "astralsorcery:aquamarine",
          "Count": 16
        }
      ],
      "rewardchoice": [],
      "commandrewards": []
    },
    {
      "uuid": "449bd56a-ff40-45c7-8373-26e4f114bbea",
      "name": "Mantle of the Stars",
      "description": "This fancy robe has great potential",
      "x": 261,
      "y": 146,
      "icon": {
        "id": "astralsorcery:mantle",
        "Count": 1,
        "tag": {
          "astralsorcery": {},
          "Damage": 0
        }
      },
      "tasks": [
        {
          "type": "DETECT",
          "items": [
            {
              "item": {
                "id": "astralsorcery:mantle",
                "Count": 1,
                "tag": {
                  "astralsorcery": {},
                  "Damage": 0
                }
              },
              "precision": "TAG_NBT_FUZZY"
            }
          ]
        }
      ],
      "prerequisites": [
        "0529027e-339c-48bf-b589-84362545bf60"
      ],
      "optionlinks": [],
      "reward": [
        {
          "id": "astralsorcery:rock_crystal_ore",
          "Count": 16
        }
      ],
      "rewardchoice": [],
      "commandrewards": []
    },
    {
      "uuid": "a7f90da9-75c4-4f2b-94c8-ad60e396f99e",
      "name": "Ritual of the Forest",
      "description": "This ritual converts the power of trees growing into handy items.",
      "x": 53,
      "y": 120,
      "icon": {
        "id": "naturesaura:wood_stand",
        "Count": 1
      },
      "tasks": [
        {
          "type": "DETECT",
          "items": [
            {
              "item": {
                "id": "naturesaura:gold_powder",
                "Count": 16
              },
              "required": 16
            },
            {
              "item": {
                "id": "naturesaura:wood_stand",
                "Count": 8
              },
              "required": 8
            }
          ]
        }
      ],
      "prerequisites": [
        "066f2cf4-212c-43f6-af66-045d9589b1f3"
      ],
      "optionlinks": [],
      "reward": [
        {
          "id": "naturesaura:gold_leaf",
          "Count": 4
        }
      ],
      "rewardchoice": [],
      "commandrewards": []
    },
    {
      "uuid": "d4b8ee15-8d2f-4e24-9f3a-2a1d7275a655",
      "name": "Altar of Birthing",
      "description": "The Altar of Birthing can create mobs.",
      "x": 131,
      "y": 120,
      "icon": {
        "id": "naturesaura:animal_spawner",
        "Count": 1
      },
      "tasks": [
        {
          "type": "DETECT",
          "items": [
            {
              "item": {
                "id": "naturesaura:animal_spawner",
                "Count": 1
              }
            },
            {
              "item": {
                "id": "naturesaura:birth_spirit",
                "Count": 1
              }
            }
          ]
        }
      ],
      "prerequisites": [
        "b67b9434-4f83-4446-8284-56a6a0a28c05"
      ],
      "optionlinks": [],
      "reward": [],
      "rewardchoice": [],
      "commandrewards": []
    },
    {
      "uuid": "22998811-a75a-4cbe-b076-3b1179254a0a",
      "name": "Getting Elements",
      "description": "In order to get the elements in a usable form, you will need to either extract them from the element sources scattered throughout the other dimensions, or evaporate the shards. The Elementopedia will help you here.",
      "x": 53,
      "y": 68,
      "icon": {
        "id": "elementalcraft:extractor",
        "Count": 1
      },
      "tasks": [
        {
          "type": "DETECT",
          "items": [
            {
              "item": {
                "id": "elementalcraft:extractor",
                "Count": 1
              }
            },
            {
              "item": {
                "id": "elementalcraft:evaporator",
                "Count": 1
              }
            }
          ]
        }
      ],
      "prerequisites": [
        "48caab51-2380-4c28-9ec8-d77103c3b933"
      ],
      "optionlinks": [],
      "reward": [
        {
          "id": "elementalcraft:powerful_fire_shard",
          "Count": 1
        },
        {
          "id": "elementalcraft:powerful_water_shard",
          "Count": 1
        },
        {
          "id": "elementalcraft:powerful_earth_shard",
          "Count": 1
        },
        {
          "id": "elementalcraft:powerful_air_shard",
          "Count": 1
        }
      ],
      "rewardchoice": [],
      "commandrewards": []
    },
    {
      "uuid": "c6b39f2f-2a78-4b41-9cb4-5ba45d24b7b4",
      "name": "Starlight Infuser",
      "description": "Infusing things with starlight can allow them to be used to make more refined things.",
      "x": 183,
      "y": 146,
      "icon": {
        "id": "astralsorcery:infuser",
        "Count": 1
      },
      "tasks": [
        {
          "type": "DETECT",
          "items": [
            {
              "item": {
                "id": "astralsorcery:infuser",
                "Count": 1
              }
            },
            {
              "item": {
                "id": "astralsorcery:resonating_gem",
                "Count": 1
              }
            }
          ]
        }
      ],
      "prerequisites": [
        "c4368ee3-70df-4e71-81fd-4f737ae04697"
      ],
      "optionlinks": [],
      "reward": [
        {
          "id": "astralsorcery:resonating_gem",
          "Count": 8
        }
      ],
      "rewardchoice": [],
      "commandrewards": []
    },
    {
      "uuid": "31963383-391a-4b09-add2-76782c136018",
      "name": "Petal Apothecary",
      "description": "In order to start into some of the early botania, you will need to weather some limestone and stonecut it into the cobble version.",
      "x": 27,
      "y": 16,
      "icon": {
        "id": "botania:apothecary_default",
        "Count": 1
      },
      "tasks": [
        {
          "type": "DETECT",
          "items": [
            {
              "item": {
                "id": "botania:apothecary_default",
                "Count": 1
              }
            }
          ]
        }
      ],
      "prerequisites": [],
      "optionlinks": [],
      "reward": [
        {
          "id": "botania:fertilizer",
          "Count": 32
        }
      ],
      "rewardchoice": [],
      "commandrewards": []
    },
    {
      "uuid": "0f8b6b65-abd5-4947-84d9-99e00b8dda60",
      "name": "Crystallized Will",
      "description": "You will want to find a way to crystallize the demon will.",
      "x": 157,
      "y": 172,
      "icon": {
        "id": "bloodmagic:defaultcrystal",
        "Count": 1
      },
      "tasks": [
        {
          "type": "DETECT",
          "items": [
            {
              "item": {
                "id": "bloodmagic:demoncrucible",
                "Count": 1
              }
            },
            {
              "item": {
                "id": "bloodmagic:demoncrystallizer",
                "Count": 1
              }
            },
            {
              "item": {
                "id": "bloodmagic:defaultcrystal",
                "Count": 1
              }
            }
          ]
        }
      ],
      "prerequisites": [
        "108c2d16-b20b-45fc-a2e3-9293671a432e"
      ],
      "optionlinks": [],
      "reward": [
        {
          "id": "bloodmagic:defaultcrystal",
          "Count": 1
        }
      ],
      "rewardchoice": [],
      "commandrewards": []
    },
    {
      "uuid": "108c2d16-b20b-45fc-a2e3-9293671a432e",
      "name": "Hellfire Forge",
      "description": "This is a basic crafting tool for blood magic.",
      "x": 131,
      "y": 172,
      "icon": {
        "id": "bloodmagic:soulforge",
        "Count": 1
      },
      "tasks": [
        {
          "type": "DETECT",
          "items": [
            {
              "item": {
                "id": "bloodmagic:soulforge",
                "Count": 1
              }
            }
          ]
        }
      ],
      "prerequisites": [
        "5709ebf4-7835-4a14-ae6e-eb9f2bbb9de3"
      ],
      "optionlinks": [],
      "reward": [
        {
          "id": "bloodmagic:basemonstersoul",
          "Count": 1,
          "tag": {
            "souls": 5
          }
        }
      ],
      "rewardchoice": [],
      "commandrewards": []
    },
    {
      "uuid": "f057ac70-322c-4148-9b6a-f2ef02696d1e",
      "name": "Coin of Fortune",
      "description": "This works much like a magnet.",
      "x": 53,
      "y": 42,
      "icon": {
        "id": "xreliquary:fortune_coin",
        "Count": 1
      },
      "tasks": [
        {
          "type": "DETECT",
          "items": [
            {
              "item": {
                "id": "xreliquary:fortune_coin",
                "Count": 1
              }
            }
          ]
        }
      ],
      "prerequisites": [
        "8b9a55e8-b2e9-4a67-87d4-ec476a4b75e8"
      ],
      "optionlinks": [],
      "reward": [
        {
          "id": "xreliquary:glowing_bread",
          "Count": 8
        }
      ],
      "rewardchoice": [],
      "commandrewards": []
    },
    {
      "uuid": "444eab0d-3ede-4a05-b736-1bf1fb720c1e",
      "name": "Rituals",
      "description": "There are several different rituals that can help you do many things. The constellation used will determine which ritual is done.",
      "x": 131,
      "y": 146,
      "icon": {
        "id": "astralsorcery:ritual_pedestal",
        "Count": 1
      },
      "tasks": [
        {
          "type": "DETECT",
          "items": [
            {
              "item": {
                "id": "astralsorcery:ritual_pedestal",
                "Count": 1
              }
            }
          ]
        }
      ],
      "prerequisites": [
        "581b9259-86d1-4037-89a1-454de2983cd9"
      ],
      "optionlinks": [],
      "reward": [
        {
          "id": "astralsorcery:ritual_link",
          "Count": 2
        }
      ],
      "rewardchoice": [],
      "commandrewards": []
    },
    {
      "uuid": "3fb51bba-5981-46f0-ae63-873dc5d839cc",
      "name": "Mana Manipulation",
      "description": "The easiest way of moving and storing mana will be with a mana spreader and mana pool.",
      "x": 105,
      "y": 16,
      "icon": {
        "id": "botania:mana_pool",
        "Count": 1
      },
      "tasks": [
        {
          "type": "DETECT",
          "items": [
            {
              "item": {
                "id": "botania:mana_spreader",
                "Count": 1
              }
            },
            {
              "item": {
                "id": "botania:mana_pool",
                "Count": 1
              }
            }
          ]
        }
      ],
      "prerequisites": [
        "20c00739-8d7c-4860-8944-eddf4a297338"
      ],
      "optionlinks": [],
      "reward": [],
      "rewardchoice": [],
      "commandrewards": []
    },
    {
      "uuid": "7dee0a81-975f-4c9f-bac3-8868995eec60",
      "name": "Sojourner\u0027s Staff",
      "description": "This handy staff can place torches far away from you. Handy in lighting up that big cave.",
      "x": 209,
      "y": 42,
      "icon": {
        "id": "xreliquary:sojourner_staff",
        "Count": 1
      },
      "tasks": [
        {
          "type": "DETECT",
          "items": [
            {
              "item": {
                "id": "xreliquary:sojourner_staff",
                "Count": 1
              }
            }
          ]
        }
      ],
      "prerequisites": [
        "7d21622a-bdfc-4edb-abb5-ac46a32ae430"
      ],
      "optionlinks": [],
      "reward": [
        {
          "id": "xreliquary:glowing_bread",
          "Count": 16
        }
      ],
      "rewardchoice": [],
      "commandrewards": []
    },
    {
      "uuid": "85e5ed19-447d-41ab-af7f-58d74232498b",
      "name": "Crystallizer",
      "description": "This handy thing will be able to create crystal versions of the elements.",
      "x": 131,
      "y": 68,
      "icon": {
        "id": "elementalcraft:crystallizer",
        "Count": 1
      },
      "tasks": [
        {
          "type": "DETECT",
          "items": [
            {
              "item": {
                "id": "elementalcraft:crystallizer",
                "Count": 1
              }
            }
          ]
        }
      ],
      "prerequisites": [
        "f08845c1-030c-4a44-a033-a50fb32dc476"
      ],
      "optionlinks": [],
      "reward": [],
      "rewardchoice": [
        {
          "id": "elementalcraft:pristine_fire_gem",
          "Count": 1
        },
        {
          "id": "elementalcraft:pristine_water_gem",
          "Count": 1
        },
        {
          "id": "elementalcraft:pristine_earth_gem",
          "Count": 1
        },
        {
          "id": "elementalcraft:pristine_air_gem",
          "Count": 1
        }
      ],
      "commandrewards": []
    },
    {
      "uuid": "c13bc7c0-64fb-4dcb-aea4-baa7453f594b",
      "name": "Spell Book",
      "description": "One of the first things to do in Ars Nouveau is make a spell book.",
      "x": 27,
      "y": 94,
      "icon": {
        "id": "ars_nouveau:novice_spell_book",
        "Count": 1,
        "tag": {
          "mode": 0,
          "spells": ",projectile,touch,self,break,harm"
        }
      },
      "tasks": [
        {
          "type": "DETECT",
          "items": [
            {
              "item": {
                "id": "ars_nouveau:novice_spell_book",
                "Count": 1,
                "tag": {
                  "mode": 0,
                  "spells": ",projectile,touch,self,break,harm"
                }
              },
              "precision": "TAG_NBT_FUZZY"
            }
          ]
        }
      ],
      "prerequisites": [],
      "optionlinks": [],
      "reward": [],
      "rewardchoice": [
        {
          "id": "ars_nouveau:green_archwood_sapling",
          "Count": 1
        },
        {
          "id": "ars_nouveau:red_archwood_sapling",
          "Count": 1
        },
        {
          "id": "ars_nouveau:blue_archwood_sapling",
          "Count": 1
        },
        {
          "id": "ars_nouveau:purple_archwood_sapling",
          "Count": 1
        }
      ],
      "commandrewards": []
    },
    {
      "uuid": "6855cb93-29f0-4b17-ba4f-692e5bc4773a",
      "name": "Alfsteel",
      "description": "After trading a few things with through the portal, you will want to make some Alfsteel. The process is similar to terrasteel, but with the traded versions.",
      "x": 261,
      "y": 16,
      "icon": {
        "id": "mythicbotany:alfsteel_ingot",
        "Count": 1
      },
      "tasks": [
        {
          "type": "DETECT",
          "items": [
            {
              "item": {
                "id": "mythicbotany:mana_infuser",
                "Count": 1
              }
            },
            {
              "item": {
                "id": "mythicbotany:alfsteel_ingot",
                "Count": 1
              }
            }
          ]
        }
      ],
      "prerequisites": [
        "cb8ffff0-8851-4314-958a-621e35fc5018"
      ],
      "optionlinks": [],
      "reward": [
        {
          "id": "botania:blacker_lotus",
          "Count": 32
        },
        {
          "id": "mythicbotany:alfsteel_ingot",
          "Count": 3
        }
      ],
      "rewardchoice": [],
      "commandrewards": []
    },
    {
      "uuid": "9758c727-f72b-4b16-ae1c-bed2e33ac388",
      "name": "Enchanting",
      "description": "The Enchanting Aparatus is used for creating a few handy things.",
      "x": 105,
      "y": 94,
      "icon": {
        "id": "ars_nouveau:enchanting_apparatus",
        "Count": 1
      },
      "tasks": [
        {
          "type": "DETECT",
          "items": [
            {
              "item": {
                "id": "ars_nouveau:enchanting_apparatus",
                "Count": 1
              }
            },
            {
              "item": {
                "id": "ars_nouveau:arcane_pedestal",
                "Count": 8
              },
              "required": 8
            }
          ]
        }
      ],
      "prerequisites": [
        "c13bc7c0-64fb-4dcb-aea4-baa7453f594b"
      ],
      "optionlinks": [],
      "reward": [],
      "rewardchoice": [],
      "commandrewards": []
    },
    {
      "uuid": "24ddd96c-e2ba-4651-8d88-a5b64b3f05e5",
      "name": "Natural Altar",
      "description": "The natural altar is used to convert things into a more useful form. Setting it up in the nether with resources from there, will create the crimson altar version.",
      "x": 79,
      "y": 120,
      "icon": {
        "id": "naturesaura:nature_altar",
        "Count": 1
      },
      "tasks": [
        {
          "type": "DETECT",
          "items": [
            {
              "item": {
                "id": "naturesaura:nature_altar",
                "Count": 1
              }
            },
            {
              "item": {
                "id": "naturesaura:gold_brick",
                "Count": 8
              },
              "required": 8
            },
            {
              "item": {
                "id": "naturesaura:infused_iron",
                "Count": 1
              }
            }
          ]
        },
        {
          "type": "DETECT",
          "items": [
            {
              "item": {
                "id": "naturesaura:gold_nether_brick",
                "Count": 8
              },
              "required": 8
            }
          ]
        }
      ],
      "prerequisites": [
        "a7f90da9-75c4-4f2b-94c8-ad60e396f99e"
      ],
      "optionlinks": [],
      "reward": [
        {
          "id": "naturesaura:infused_iron",
          "Count": 8
        }
      ],
      "rewardchoice": [],
      "commandrewards": []
    },
    {
      "uuid": "7d21622a-bdfc-4edb-abb5-ac46a32ae430",
      "name": "Void Tear",
      "description": "This handy thing is not just used for crafting other stuff. It can hold an immense amount of items for you (much like that dank of yours)",
      "x": 131,
      "y": 42,
      "icon": {
        "ForgeCaps": {
          "Parent": {
            "Items": []
          }
        },
        "id": "xreliquary:void_tear",
        "Count": 1
      },
      "tasks": [
        {
          "type": "DETECT",
          "items": [
            {
              "item": {
                "ForgeCaps": {
                  "Parent": {
                    "Items": []
                  }
                },
                "id": "xreliquary:void_tear",
                "Count": 1
              }
            }
          ]
        }
      ],
      "prerequisites": [
        "8b9a55e8-b2e9-4a67-87d4-ec476a4b75e8"
      ],
      "optionlinks": [],
      "reward": [
        {
          "ForgeCaps": {
            "Parent": {
              "Items": []
            }
          },
          "id": "xreliquary:void_tear",
          "Count": 1
        }
      ],
      "rewardchoice": [],
      "commandrewards": []
    },
    {
      "uuid": "cb8ffff0-8851-4314-958a-621e35fc5018",
      "name": "Portal to the Alfheim",
      "description": "This portal will allow you to trade materials with those living on the other side. The Lexica Botania can explain how to set it up.",
      "x": 235,
      "y": 16,
      "icon": {
        "id": "botania:alfheim_portal",
        "Count": 1
      },
      "tasks": [
        {
          "type": "DETECT",
          "items": [
            {
              "item": {
                "id": "botania:alfheim_portal",
                "Count": 1
              }
            },
            {
              "item": {
                "id": "botania:glimmering_livingwood",
                "Count": 3
              },
              "required": 3
            },
            {
              "item": {
                "id": "botania:natura_pylon",
                "Count": 2
              },
              "required": 2
            }
          ]
        }
      ],
      "prerequisites": [
        "d9b55c62-77a2-454c-975a-508d403378a8"
      ],
      "optionlinks": [],
      "reward": [
        {
          "id": "botania:blacker_lotus",
          "Count": 16
        }
      ],
      "rewardchoice": [],
      "commandrewards": []
    },
    {
      "uuid": "824f6fe3-7c27-44c1-902d-de869031539c",
      "name": "Mana Bloom",
      "description": "This fancy flower is used to create fancy robes for you to wear whilst casting your spells...",
      "x": 131,
      "y": 94,
      "icon": {
        "id": "ars_nouveau:mana_bloom",
        "Count": 1
      },
      "tasks": [
        {
          "type": "DETECT",
          "items": [
            {
              "item": {
                "id": "ars_nouveau:mana_bloom_crop",
                "Count": 1
              }
            },
            {
              "item": {
                "id": "ars_nouveau:mana_bloom",
                "Count": 1
              }
            }
          ]
        }
      ],
      "prerequisites": [
        "9758c727-f72b-4b16-ae1c-bed2e33ac388"
      ],
      "optionlinks": [],
      "reward": [
        {
          "id": "ars_nouveau:mana_bloom",
          "Count": 16
        }
      ],
      "rewardchoice": [],
      "commandrewards": []
    },
    {
      "uuid": "8b9a55e8-b2e9-4a67-87d4-ec476a4b75e8",
      "name": "Mob Drops",
      "description": "Starting into Reliquary is quite simple. Most of the items you need will be mob drops.",
      "x": 27,
      "y": 42,
      "icon": {
        "id": "xreliquary:zombie_heart",
        "Count": 1
      },
      "tasks": [
        {
          "type": "DETECT",
          "items": [
            {
              "item": {
                "id": "xreliquary:zombie_heart",
                "Count": 1
              }
            },
            {
              "item": {
                "id": "xreliquary:rib_bone",
                "Count": 1
              }
            },
            {
              "item": {
                "id": "xreliquary:catalyzing_gland",
                "Count": 1
              }
            },
            {
              "item": {
                "id": "xreliquary:chelicerae",
                "Count": 1
              }
            },
            {
              "item": {
                "id": "xreliquary:slime_pearl",
                "Count": 1
              }
            }
          ]
        }
      ],
      "prerequisites": [],
      "optionlinks": [],
      "reward": [],
      "rewardchoice": [
        {
          "id": "xreliquary:bat_wing",
          "Count": 16
        },
        {
          "id": "xreliquary:withered_rib",
          "Count": 16
        },
        {
          "id": "xreliquary:molten_core",
          "Count": 16
        },
        {
          "id": "xreliquary:nebulous_heart",
          "Count": 16
        }
      ],
      "commandrewards": []
    },
    {
      "uuid": "7b2dbaaa-5073-4e5e-b0a5-8aff758a12b5",
      "name": "Mana Condenser",
      "description": "A good way to get mana to use for your various things, you will want to use a Mana condenser and put it in a mana jar.",
      "x": 53,
      "y": 94,
      "icon": {
        "id": "ars_nouveau:mana_condenser",
        "Count": 1
      },
      "tasks": [
        {
          "type": "DETECT",
          "items": [
            {
              "item": {
                "id": "ars_nouveau:mana_condenser",
                "Count": 1
              }
            },
            {
              "item": {
                "id": "ars_nouveau:mana_jar",
                "Count": 1
              }
            }
          ]
        }
      ],
      "prerequisites": [
        "c13bc7c0-64fb-4dcb-aea4-baa7453f594b"
      ],
      "optionlinks": [],
      "reward": [
        {
          "id": "ars_nouveau:mana_jar",
          "Count": 1
        }
      ],
      "rewardchoice": [],
      "commandrewards": []
    },
    {
      "uuid": "7044fb9b-3ed4-4ccb-be66-b08eb64505bc",
      "name": "Containment Chalice",
      "description": "The containment chalice\u0027s possibly most useful thing is to provide liquid starlight to the infuser so you don\u0027t have to keep replacing that pesky source block that keeps disappearing.",
      "x": 235,
      "y": 146,
      "icon": {
        "id": "astralsorcery:chalice",
        "Count": 1
      },
      "tasks": [
        {
          "type": "DETECT",
          "items": [
            {
              "item": {
                "id": "astralsorcery:chalice",
                "Count": 1
              }
            }
          ]
        }
      ],
      "prerequisites": [
        "0529027e-339c-48bf-b589-84362545bf60"
      ],
      "optionlinks": [],
      "reward": [
        {
          "id": "astralsorcery:liquid_starlight_bucket",
          "Count": 1
        }
      ],
      "rewardchoice": [],
      "commandrewards": []
    },
    {
      "uuid": "a867802e-eb3f-4b85-b15e-b1c49e0bc331",
      "name": "Tome of Alkahestry",
      "description": "This handy book can duplicate some things for you. You will need to charge it up though...",
      "x": 261,
      "y": 42,
      "icon": {
        "id": "xreliquary:alkahestry_tome",
        "Count": 1,
        "tag": {
          "Damage": 1001
        }
      },
      "tasks": [
        {
          "type": "DETECT",
          "items": [
            {
              "item": {
                "id": "xreliquary:alkahestry_tome",
                "Count": 1,
                "tag": {
                  "Damage": 1001
                }
              },
              "precision": "TAG_NBT_FUZZY"
            }
          ]
        }
      ],
      "prerequisites": [
        "8b9a55e8-b2e9-4a67-87d4-ec476a4b75e8"
      ],
      "optionlinks": [],
      "reward": [
        {
          "id": "minecraft:redstone_block",
          "Count": 16
        }
      ],
      "rewardchoice": [],
      "commandrewards": []
    },
    {
      "uuid": "dd36340a-de27-4a0b-bf30-43438791ed21",
      "name": "Infusing Elements",
      "description": "On use of these elements is to infuse them into your armor and tools.",
      "x": 79,
      "y": 68,
      "icon": {
        "id": "elementalcraft:infuser",
        "Count": 1
      },
      "tasks": [
        {
          "type": "DETECT",
          "items": [
            {
              "item": {
                "id": "elementalcraft:infuser",
                "Count": 1
              }
            },
            {
              "item": {
                "id": "elementalcraft:drenched_iron_ingot",
                "Count": 1
              }
            }
          ]
        }
      ],
      "prerequisites": [
        "22998811-a75a-4cbe-b076-3b1179254a0a"
      ],
      "optionlinks": [],
      "reward": [
        {
          "id": "elementalcraft:powerful_fire_shard",
          "Count": 1
        },
        {
          "id": "elementalcraft:powerful_water_shard",
          "Count": 1
        },
        {
          "id": "elementalcraft:powerful_earth_shard",
          "Count": 1
        },
        {
          "id": "elementalcraft:powerful_air_shard",
          "Count": 1
        }
      ],
      "rewardchoice": [],
      "commandrewards": []
    },
    {
      "uuid": "566354c5-26bb-4574-9fd3-a8d026f43b48",
      "name": "Pure Infuser",
      "description": "This infuser is able to create pure forms of important items.",
      "x": 157,
      "y": 68,
      "icon": {
        "id": "elementalcraft:pureinfuser",
        "Count": 1
      },
      "tasks": [
        {
          "type": "DETECT",
          "items": [
            {
              "item": {
                "id": "elementalcraft:pureinfuser",
                "Count": 1
              }
            },
            {
              "item": {
                "id": "elementalcraft:pedestal_fire",
                "Count": 1
              }
            },
            {
              "item": {
                "id": "elementalcraft:pedestal_water",
                "Count": 1
              }
            },
            {
              "item": {
                "id": "elementalcraft:pedestal_earth",
                "Count": 1
              }
            },
            {
              "item": {
                "id": "elementalcraft:pedestal_air",
                "Count": 1
              }
            },
            {
              "item": {
                "id": "elementalcraft:purecrystal",
                "Count": 1
              }
            }
          ]
        }
      ],
      "prerequisites": [
        "f08845c1-030c-4a44-a033-a50fb32dc476"
      ],
      "optionlinks": [],
      "reward": [
        {
          "id": "elementalcraft:purecrystal",
          "Count": 4
        }
      ],
      "rewardchoice": [],
      "commandrewards": []
    },
    {
      "uuid": "df66cd7b-2f01-474e-abed-8978b21a8501",
      "name": "Glyph Press",
      "description": "The Glyph Press is used to create glyphs for your spells.",
      "x": 79,
      "y": 94,
      "icon": {
        "id": "ars_nouveau:glyph_press",
        "Count": 1
      },
      "tasks": [
        {
          "type": "DETECT",
          "items": [
            {
              "item": {
                "id": "ars_nouveau:glyph_press",
                "Count": 1
              }
            }
          ]
        }
      ],
      "prerequisites": [
        "7b2dbaaa-5073-4e5e-b0a5-8aff758a12b5"
      ],
      "optionlinks": [],
      "reward": [
        {
          "id": "ars_nouveau:magic_clay",
          "Count": 8
        }
      ],
      "rewardchoice": [],
      "commandrewards": []
    },
    {
      "uuid": "9a5fb357-86a2-459f-b99f-4741788c383a",
      "name": "Emperor\u0027s Chalice",
      "description": "This will act like a water bucket that never runs dry.",
      "x": 157,
      "y": 42,
      "icon": {
        "id": "xreliquary:emperor_chalice",
        "Count": 1
      },
      "tasks": [
        {
          "type": "DETECT",
          "items": [
            {
              "item": {
                "id": "xreliquary:emperor_chalice",
                "Count": 1
              }
            }
          ]
        }
      ],
      "prerequisites": [
        "7d21622a-bdfc-4edb-abb5-ac46a32ae430"
      ],
      "optionlinks": [],
      "reward": [
        {
          "id": "xreliquary:glowing_bread",
          "Count": 16
        }
      ],
      "rewardchoice": [],
      "commandrewards": []
    },
    {
      "uuid": "c1281c79-4dc5-47b7-ad4d-377732b1e176",
      "name": "Paranoid Lantern",
      "description": "The Lantern of Paranoia will place torches from your inventory wherever you may need one to prevent those pesky mobs from appearing.",
      "x": 79,
      "y": 42,
      "icon": {
        "id": "xreliquary:lantern_of_paranoia",
        "Count": 1
      },
      "tasks": [
        {
          "type": "DETECT",
          "items": [
            {
              "item": {
                "id": "xreliquary:lantern_of_paranoia",
                "Count": 1
              }
            }
          ]
        }
      ],
      "prerequisites": [
        "8b9a55e8-b2e9-4a67-87d4-ec476a4b75e8"
      ],
      "optionlinks": [],
      "reward": [
        {
          "id": "minecraft:torch",
          "Count": 64
        },
        {
          "id": "minecraft:torch",
          "Count": 64
        }
      ],
      "rewardchoice": [],
      "commandrewards": []
    },
    {
      "uuid": "d66eba86-ee5f-4a34-8213-4b5e1178ef50",
      "name": "Pyromancer\u0027s Staff",
      "description": "This staff is a real fun one to play with. It can allow you to act like a blaze and shoot fire balls at things.",
      "x": 235,
      "y": 42,
      "icon": {
        "id": "xreliquary:pyromancer_staff",
        "Count": 1
      },
      "tasks": [
        {
          "type": "DETECT",
          "items": [
            {
              "item": {
                "id": "xreliquary:pyromancer_staff",
                "Count": 1
              }
            }
          ]
        }
      ],
      "prerequisites": [
        "7d21622a-bdfc-4edb-abb5-ac46a32ae430"
      ],
      "optionlinks": [],
      "reward": [
        {
          "id": "minecraft:fire_charge",
          "Count": 64
        },
        {
          "id": "minecraft:blaze_powder",
          "Count": 64
        }
      ],
      "rewardchoice": [],
      "commandrewards": []
    },
    {
      "uuid": "f08845c1-030c-4a44-a033-a50fb32dc476",
      "name": "Binder",
      "description": "The element binder is used to make several useful items.",
      "x": 105,
      "y": 68,
      "icon": {
        "id": "elementalcraft:binder",
        "Count": 1
      },
      "tasks": [
        {
          "type": "DETECT",
          "items": [
            {
              "item": {
                "id": "elementalcraft:binder",
                "Count": 1
              }
            },
            {
              "item": {
                "id": "elementalcraft:swift_alloy_ingot",
                "Count": 1
              }
            },
            {
              "item": {
                "id": "elementalcraft:fireite_ingot",
                "Count": 1
              }
            }
          ]
        }
      ],
      "prerequisites": [
        "dd36340a-de27-4a0b-bf30-43438791ed21"
      ],
      "optionlinks": [],
      "reward": [
        {
          "id": "elementalcraft:swift_alloy_ingot",
          "Count": 4
        },
        {
          "id": "elementalcraft:fireite_ingot",
          "Count": 4
        }
      ],
      "rewardchoice": [],
      "commandrewards": []
    },
    {
      "uuid": "0529027e-339c-48bf-b589-84362545bf60",
      "name": "Iridescent Altar",
      "description": "This altar is the top level altar used to craft in Astral Sorcery.",
      "x": 209,
      "y": 146,
      "icon": {
        "id": "astralsorcery:altar_radiance",
        "Count": 1
      },
      "tasks": [
        {
          "type": "DETECT",
          "items": [
            {
              "item": {
                "id": "astralsorcery:altar_radiance",
                "Count": 1
              }
            }
          ]
        }
      ],
      "prerequisites": [
        "c4368ee3-70df-4e71-81fd-4f737ae04697"
      ],
      "optionlinks": [],
      "reward": [
        {
          "id": "astralsorcery:spectral_relay",
          "Count": 5
        }
      ],
      "rewardchoice": [],
      "commandrewards": []
    },
    {
      "uuid": "20c00739-8d7c-4860-8944-eddf4a297338",
      "name": "Living Stuff",
      "description": "Livingrock and Livingwood are some of the basic crafting ingredients needed. In this pack you will need specific stones and logs in order to create them...",
      "x": 79,
      "y": 16,
      "icon": {
        "id": "botania:livingrock",
        "Count": 1
      },
      "tasks": [
        {
          "type": "DETECT",
          "items": [
            {
              "item": {
                "id": "botania:livingrock",
                "Count": 1
              }
            },
            {
              "item": {
                "id": "botania:livingwood",
                "Count": 1
              }
            }
          ]
        }
      ],
      "prerequisites": [
        "876932a9-d92c-461f-84a6-d8dac13efba0"
      ],
      "optionlinks": [],
      "reward": [
        {
          "id": "botania:livingrock",
          "Count": 16
        },
        {
          "id": "botania:livingwood",
          "Count": 16
        }
      ],
      "rewardchoice": [],
      "commandrewards": []
    },
    {
      "uuid": "ee39a670-0bb4-4151-b244-7cd380d6921d",
      "name": "Slates",
      "description": "Making the slates is very important for working with Blood Magic.",
      "x": 79,
      "y": 172,
      "icon": {
        "id": "bloodmagic:etherealslate",
        "Count": 1
      },
      "tasks": [
        {
          "type": "DETECT",
          "items": [
            {
              "item": {
                "id": "bloodmagic:blankslate",
                "Count": 1
              }
            },
            {
              "item": {
                "id": "bloodmagic:reinforcedslate",
                "Count": 1
              }
            },
            {
              "item": {
                "id": "bloodmagic:infusedslate",
                "Count": 1
              }
            },
            {
              "item": {
                "id": "bloodmagic:demonslate",
                "Count": 1
              }
            },
            {
              "item": {
                "id": "bloodmagic:etherealslate",
                "Count": 1
              }
            }
          ]
        }
      ],
      "prerequisites": [
        "c3507bfc-d3c4-4f87-893e-47293d2754ab"
      ],
      "optionlinks": [],
      "reward": [
        {
          "id": "bloodmagic:blankslate",
          "Count": 32
        }
      ],
      "rewardchoice": [],
      "commandrewards": []
    },
    {
      "uuid": "c3507bfc-d3c4-4f87-893e-47293d2754ab",
      "name": "Blood Altar",
      "description": "Starting in Blood Magic requires crafting the blood altar.",
      "x": 27,
      "y": 172,
      "icon": {
        "id": "bloodmagic:altar",
        "Count": 1
      },
      "tasks": [
        {
          "type": "DETECT",
          "items": [
            {
              "item": {
                "id": "bloodmagic:altar",
                "Count": 1
              }
            }
          ]
        }
      ],
      "prerequisites": [],
      "optionlinks": [],
      "reward": [
        {
          "id": "bloodmagic:blankrune",
          "Count": 8
        }
      ],
      "rewardchoice": [],
      "commandrewards": []
    },
    {
      "uuid": "d9b55c62-77a2-454c-975a-508d403378a8",
      "name": "Terrasteel",
      "description": "Terrasteel is made by combining manasteel, manapearl, and a manadiamond together on the terrestrial agglomeration plate.",
      "x": 209,
      "y": 16,
      "icon": {
        "id": "botania:terrasteel_ingot",
        "Count": 1
      },
      "tasks": [
        {
          "type": "DETECT",
          "items": [
            {
              "item": {
                "id": "botania:terra_plate",
                "Count": 1
              }
            },
            {
              "item": {
                "id": "botania:terrasteel_ingot",
                "Count": 1
              }
            }
          ]
        }
      ],
      "prerequisites": [
        "33f25ddb-1cc1-4ea9-99e1-7ca22718e881"
      ],
      "optionlinks": [],
      "reward": [
        {
          "id": "botania:terrasteel_ingot",
          "Count": 8
        }
      ],
      "rewardchoice": [],
      "commandrewards": []
    },
    {
      "uuid": "5709ebf4-7835-4a14-ae6e-eb9f2bbb9de3",
      "name": "Demon Will",
      "description": "Craft a few snares and throw them at you targets. Once you see the particles, you should get some demon will drop from the monster\u0027s death.",
      "x": 105,
      "y": 172,
      "icon": {
        "id": "bloodmagic:basemonstersoul",
        "Count": 1,
        "tag": {
          "souls": 5
        }
      },
      "tasks": [
        {
          "type": "DETECT",
          "items": [
            {
              "item": {
                "id": "bloodmagic:soulsnare",
                "Count": 1
              }
            },
            {
              "item": {
                "id": "bloodmagic:basemonstersoul",
                "Count": 1
              },
              "precision": "TAG_NBT_FUZZY"
            }
          ]
        }
      ],
      "prerequisites": [
        "c3507bfc-d3c4-4f87-893e-47293d2754ab"
      ],
      "optionlinks": [],
      "reward": [
        {
          "id": "bloodmagic:basemonstersoul",
          "Count": 1,
          "tag": {
            "souls": 5
          }
        }
      ],
      "rewardchoice": [],
      "commandrewards": []
    },
    {
      "uuid": "99146136-c426-4806-b5cd-b5ac34984582",
      "name": "Attunement",
      "description": "Attuning yourself and other things will make them a bit better versions of themselves.",
      "x": 105,
      "y": 146,
      "icon": {
        "id": "astralsorcery:attunement_altar",
        "Count": 1
      },
      "tasks": [
        {
          "type": "DETECT",
          "items": [
            {
              "item": {
                "id": "astralsorcery:attunement_altar",
                "Count": 1
              }
            }
          ]
        }
      ],
      "prerequisites": [
        "581b9259-86d1-4037-89a1-454de2983cd9"
      ],
      "optionlinks": [],
      "reward": [
        {
          "id": "astralsorcery:rock_crystal_ore",
          "Count": 16
        }
      ],
      "rewardchoice": [],
      "commandrewards": []
    },
    {
      "uuid": "48caab51-2380-4c28-9ec8-d77103c3b933",
      "name": "Inert Crystal",
      "description": "In order to start ElementalCraft, you will need to find some inert crystals. The easiest place to find them will either be in the mining dimension, or the Lost Cities.",
      "x": 27,
      "y": 68,
      "icon": {
        "id": "elementalcraft:inertcrystal",
        "Count": 1
      },
      "tasks": [
        {
          "type": "DETECT",
          "items": [
            {
              "item": {
                "id": "elementalcraft:inertcrystal",
                "Count": 1
              }
            }
          ]
        }
      ],
      "prerequisites": [],
      "optionlinks": [],
      "reward": [
        {
          "id": "elementalcraft:inertcrystal",
          "Count": 16
        }
      ],
      "rewardchoice": [],
      "commandrewards": []
    },
    {
      "uuid": "fbc2d6df-38fa-4b3c-b21a-55eaeab64061",
      "name": "Botanical Machinery",
      "description": "These handy machines will greatly simplify automation of the botania crafts.",
      "x": 287,
      "y": 16,
      "icon": {
        "id": "botanicalmachinery:mechanical_mana_pool",
        "Count": 1
      },
      "tasks": [
        {
          "type": "DETECT",
          "items": [
            {
              "item": {
                "id": "botanicalmachinery:mechanical_mana_pool",
                "Count": 1
              }
            },
            {
              "item": {
                "id": "botanicalmachinery:mechanical_runic_altar",
                "Count": 1
              }
            },
            {
              "item": {
                "id": "botanicalmachinery:mechanical_daisy",
                "Count": 1
              }
            },
            {
              "item": {
                "id": "botanicalmachinery:mechanical_brewery",
                "Count": 1
              }
            },
            {
              "item": {
                "id": "botanicalmachinery:mechanical_apothecary",
                "Count": 1
              }
            },
            {
              "item": {
                "id": "botanicalmachinery:industrial_agglomeration_factory",
                "Count": 1
              }
            },
            {
              "item": {
                "id": "botanicalmachinery:alfheim_market",
                "Count": 1
              }
            },
            {
              "item": {
                "id": "botanicalmachinery:mana_battery",
                "Count": 1
              }
            }
          ]
        }
      ],
      "prerequisites": [
        "cb8ffff0-8851-4314-958a-621e35fc5018"
      ],
      "optionlinks": [],
      "reward": [
        {
          "id": "botania:blacker_lotus",
          "Count": 32
        }
      ],
      "rewardchoice": [],
      "commandrewards": []
    }
  ],
  "reputationBar": [],
  "description": "The magic progression is a lot less linear and more of a broad array of this that can be done together."
}