{
  "name": "Resource Gathering",
  "quests": [
    {
      "uuid": "e3d43e87-7d56-4238-88cc-067e65eb0167",
      "name": "Nether Quartz",
      "description": "Get some nether quartz by sifting for it, or washing some netherrack",
      "x": 261,
      "y": 112,
      "icon": {
        "id": "minecraft:quartz",
        "Count": 1
      },
      "tasks": [
        {
          "type": "DETECT",
          "items": [
            {
              "item": {
                "id": "minecraft:quartz",
                "Count": 1
              }
            }
          ]
        }
      ],
      "prerequisites": [],
      "optionlinks": [],
      "reward": [
        {
          "id": "minecraft:quartz",
          "Count": 16
        }
      ],
      "rewardchoice": [],
      "commandrewards": []
    },
    {
      "uuid": "9df191be-8f8a-4283-8e6f-fcbdbf2bb736",
      "name": "Uranium",
      "description": "Get some uranium by sifting for it, or washing some andesite.",
      "x": 248,
      "y": 46,
      "icon": {
        "id": "exnihilosequentia:piece_uranium",
        "Count": 1
      },
      "tasks": [
        {
          "type": "DETECT",
          "items": [
            {
              "item": {
                "id": "exnihilosequentia:piece_uranium",
                "Count": 1
              }
            }
          ]
        }
      ],
      "prerequisites": [],
      "optionlinks": [],
      "reward": [
        {
          "id": "exnihilosequentia:piece_uranium",
          "Count": 16
        }
      ],
      "rewardchoice": [],
      "commandrewards": []
    },
    {
      "uuid": "37a31ec7-b7e9-4d08-938f-f243e7781338",
      "name": "Alternate Stone",
      "description": "Andesite, Granite, Diorite, Basalt, \u0026 Blackstone are all lovely blocks to build with and some of them will be quite efficient ways of gathering resources.",
      "x": 131,
      "y": 68,
      "icon": {
        "id": "minecraft:andesite",
        "Count": 1
      },
      "parentrequirement": 1,
      "tasks": [
        {
          "type": "DETECT",
          "items": [
            {
              "item": {
                "id": "minecraft:andesite",
                "Count": 1
              }
            },
            {
              "item": {
                "id": "minecraft:granite",
                "Count": 1
              }
            },
            {
              "item": {
                "id": "minecraft:diorite",
                "Count": 1
              }
            },
            {
              "item": {
                "id": "minecraft:basalt",
                "Count": 1
              }
            },
            {
              "item": {
                "id": "minecraft:blackstone",
                "Count": 1
              }
            }
          ]
        }
      ],
      "prerequisites": [
        "eaa2f770-d93c-4c4b-887e-065964048b4b",
        "40ff10c8-090b-4024-a35c-82533dfcb257"
      ],
      "optionlinks": [],
      "reward": [
        {
          "id": "minecraft:andesite",
          "Count": 16
        },
        {
          "id": "minecraft:granite",
          "Count": 16
        },
        {
          "id": "minecraft:diorite",
          "Count": 16
        }
      ],
      "rewardchoice": [],
      "commandrewards": []
    },
    {
      "uuid": "25aa5c3b-e368-4a12-bd44-da2ce9d0af58",
      "name": "Obsidian",
      "description": "A vanilla nether portal is not the only thing you will want obsidian for...",
      "x": 79,
      "y": 112,
      "icon": {
        "id": "minecraft:obsidian",
        "Count": 1
      },
      "tasks": [
        {
          "type": "DETECT",
          "items": [
            {
              "item": {
                "id": "minecraft:obsidian",
                "Count": 1
              }
            }
          ]
        }
      ],
      "prerequisites": [
        "3bd07a8a-8ab3-4f35-8144-cbf615569c7e"
      ],
      "optionlinks": [],
      "reward": [
        {
          "id": "minecraft:obsidian",
          "Count": 8
        }
      ],
      "rewardchoice": [],
      "commandrewards": []
    },
    {
      "uuid": "e57443dc-a831-41aa-b4ec-5d18b9727f39",
      "name": "Gold",
      "description": "Get some gold by sifting for it, or washing some granite.",
      "x": 170,
      "y": 46,
      "icon": {
        "id": "exnihilosequentia:piece_gold",
        "Count": 1
      },
      "tasks": [
        {
          "type": "DETECT",
          "items": [
            {
              "item": {
                "id": "exnihilosequentia:piece_gold",
                "Count": 1
              }
            }
          ]
        }
      ],
      "prerequisites": [],
      "optionlinks": [],
      "reward": [
        {
          "id": "exnihilosequentia:piece_gold",
          "Count": 16
        }
      ],
      "rewardchoice": [],
      "commandrewards": []
    },
    {
      "uuid": "f593edf9-d3e6-4be4-a587-fb5331cfcbe5",
      "name": "Osmium",
      "description": "Get some osmium by sifting for it, or washing some andesite.",
      "x": 300,
      "y": 46,
      "icon": {
        "id": "exnihilosequentia:piece_osmium",
        "Count": 1
      },
      "tasks": [
        {
          "type": "DETECT",
          "items": [
            {
              "item": {
                "id": "exnihilosequentia:piece_osmium",
                "Count": 1
              }
            }
          ]
        }
      ],
      "prerequisites": [],
      "optionlinks": [],
      "reward": [
        {
          "id": "exnihilosequentia:piece_osmium",
          "Count": 16
        }
      ],
      "rewardchoice": [],
      "commandrewards": []
    },
    {
      "uuid": "e0684557-443b-4bfc-87ec-7dbe33a6929b",
      "name": "Bonemeal",
      "description": "Get some bonemeal either from bones, sifting dust, or washing some dust.",
      "x": 183,
      "y": 68,
      "icon": {
        "id": "minecraft:bone_meal",
        "Count": 1
      },
      "tasks": [
        {
          "type": "DETECT",
          "items": [
            {
              "item": {
                "id": "minecraft:bone_meal",
                "Count": 1
              }
            }
          ]
        }
      ],
      "prerequisites": [],
      "optionlinks": [],
      "reward": [
        {
          "id": "minecraft:bone_meal",
          "Count": 16
        }
      ],
      "rewardchoice": [],
      "commandrewards": []
    },
    {
      "uuid": "827b1675-d9d1-4054-9888-ebacbd4ffb7c",
      "name": "Aluminum",
      "description": "Get some aluminum by sifting for it, or washing some diorite.",
      "x": 274,
      "y": 46,
      "icon": {
        "id": "exnihilosequentia:piece_aluminum",
        "Count": 1
      },
      "tasks": [
        {
          "type": "DETECT",
          "items": [
            {
              "item": {
                "id": "exnihilosequentia:piece_aluminum",
                "Count": 1
              }
            }
          ]
        }
      ],
      "prerequisites": [],
      "optionlinks": [],
      "reward": [
        {
          "id": "exnihilosequentia:piece_aluminum",
          "Count": 16
        }
      ],
      "rewardchoice": [],
      "commandrewards": []
    },
    {
      "uuid": "379d6524-3454-4f20-8b93-14a3f9ce86ad",
      "name": "Redstone",
      "description": "Get some redstone, by either killing a witch, sifting some dust, or washing dust.",
      "x": 261,
      "y": 68,
      "icon": {
        "id": "minecraft:redstone",
        "Count": 1
      },
      "tasks": [
        {
          "type": "DETECT",
          "items": [
            {
              "item": {
                "id": "minecraft:redstone",
                "Count": 1
              }
            }
          ]
        }
      ],
      "prerequisites": [],
      "optionlinks": [],
      "reward": [
        {
          "id": "minecraft:redstone",
          "Count": 16
        }
      ],
      "rewardchoice": [],
      "commandrewards": []
    },
    {
      "uuid": "31a5c549-c71b-4d41-8594-95eadfb33e5b",
      "name": "Coarse Dirt",
      "description": "Coarse dirt will be a surprisingly useful way to get more dirt. You will find that sifting the coarse dirt on a string mesh will convert the coarse dirt into regular dirt, and get back some of the gravel used along the way.",
      "x": 92,
      "y": 90,
      "icon": {
        "id": "minecraft:coarse_dirt",
        "Count": 1
      },
      "tasks": [
        {
          "type": "DETECT",
          "items": [
            {
              "item": {
                "id": "minecraft:coarse_dirt",
                "Count": 1
              }
            }
          ]
        }
      ],
      "prerequisites": [
        "ba562470-60d9-4ced-b047-44078ac05923"
      ],
      "optionlinks": [],
      "reward": [
        {
          "id": "minecraft:coarse_dirt",
          "Count": 16
        }
      ],
      "rewardchoice": [],
      "commandrewards": []
    },
    {
      "uuid": "937689c5-4a50-4bdf-9066-3db921d7f895",
      "name": "Cobble For Days",
      "description": "A simple cobblestone generator will be a great way to automatically collect some cobblestone. If you don\u0027t have any iron for a bucket yet, you can use clay buckets to make your cobblestone generator.",
      "x": 27,
      "y": 112,
      "icon": {
        "id": "cobblefordays:tier_1",
        "Count": 1
      },
      "tasks": [
        {
          "type": "DETECT",
          "items": [
            {
              "item": {
                "id": "cobblefordays:tier_1",
                "Count": 1
              }
            }
          ]
        }
      ],
      "prerequisites": [
        "3bd07a8a-8ab3-4f35-8144-cbf615569c7e"
      ],
      "optionlinks": [],
      "reward": [
        {
          "id": "minecraft:cobblestone",
          "Count": 64
        },
        {
          "id": "minecraft:cobblestone",
          "Count": 64
        }
      ],
      "rewardchoice": [],
      "commandrewards": []
    },
    {
      "uuid": "c2d8a780-77ba-4266-8f0d-9e124ce246de",
      "name": "Tin",
      "description": "Get some tin by sifting for it, or washing some diorite.",
      "x": 287,
      "y": 24,
      "icon": {
        "id": "exnihilosequentia:piece_tin",
        "Count": 1
      },
      "tasks": [
        {
          "type": "DETECT",
          "items": [
            {
              "item": {
                "id": "exnihilosequentia:piece_tin",
                "Count": 1
              }
            }
          ]
        }
      ],
      "prerequisites": [],
      "optionlinks": [],
      "reward": [
        {
          "id": "exnihilosequentia:piece_tin",
          "Count": 16
        }
      ],
      "rewardchoice": [],
      "commandrewards": []
    },
    {
      "uuid": "08245621-6e04-4491-83a9-31521b6ff8ac",
      "name": "Planks",
      "description": "You will find many ways of getting planks. The higher the technology to do so, the more planks you will get. Simply putting the log in a crafting grid will only give you one though...",
      "x": 53,
      "y": 24,
      "icon": {
        "id": "minecraft:oak_planks",
        "Count": 1
      },
      "tasks": [
        {
          "type": "DETECT",
          "items": [
            {
              "item": {
                "id": "minecraft:oak_planks",
                "Count": 1
              },
              "precision": "TAG_FUZZY"
            }
          ]
        }
      ],
      "prerequisites": [
        "f36c2074-1592-4e06-bce4-139f51d7fa99"
      ],
      "optionlinks": [],
      "reward": [
        {
          "id": "minecraft:bread",
          "Count": 16
        }
      ],
      "rewardchoice": [],
      "commandrewards": []
    },
    {
      "uuid": "d016ae0a-c7fa-4777-b096-95dfd9f9c309",
      "name": "Void Miner",
      "description": "This version of the void miner, doesn\u0027t need to always point down. you can mine the sky just as well. In order to get the crystals needed for the higher tiers, you will want to set up a crystal miner. The two highest tiers of crystal need to be mined from the end void.",
      "x": 274,
      "y": 90,
      "icon": {
        "id": "envirotech:litherite_void_miner_ccu",
        "Count": 1
      },
      "tasks": [
        {
          "type": "DETECT",
          "items": [
            {
              "item": {
                "id": "envirotech:litherite_void_miner_ccu",
                "Count": 1
              }
            }
          ]
        }
      ],
      "prerequisites": [
        "0bdef044-82e8-4f70-bd38-418f33601c9f"
      ],
      "optionlinks": [],
      "reward": [
        {
          "id": "envirocore:litherite_frame",
          "Count": 20
        }
      ],
      "rewardchoice": [],
      "commandrewards": []
    },
    {
      "uuid": "fe00913d-4ee1-4042-90d9-b6136e2015dd",
      "name": "Mining Dimension",
      "description": "Possibly one of the first other dimensions you can travel to is the Mining Dimension.",
      "x": 40,
      "y": 134,
      "icon": {
        "id": "mining_dimension:teleporter",
        "Count": 1
      },
      "tasks": [
        {
          "type": "DETECT",
          "items": [
            {
              "item": {
                "id": "mining_dimension:teleporter",
                "Count": 1
              }
            }
          ]
        },
        {
          "type": "LOCATION",
          "locations": [
            {
              "name": "Visit the Mining Dimension",
              "x": 0,
              "y": 0,
              "z": 0,
              "dim": "mining_dimension:mining",
              "radius": -1,
              "visible": "LOCATION"
            }
          ]
        }
      ],
      "prerequisites": [],
      "optionlinks": [],
      "reward": [
        {
          "id": "minecraft:diamond",
          "Count": 1
        }
      ],
      "rewardchoice": [],
      "commandrewards": []
    },
    {
      "uuid": "41853468-07cd-4f4a-a0e4-da8d8cf067de",
      "name": "Cobblestone",
      "description": "Finding a good source of cobblestone will be very helpful in the early game. You can sift some dirt for pebbles, or simply pull them out of the ground. (shift-right-click)",
      "x": 105,
      "y": 24,
      "icon": {
        "id": "minecraft:cobblestone",
        "Count": 1
      },
      "tasks": [
        {
          "type": "DETECT",
          "items": [
            {
              "item": {
                "id": "minecraft:cobblestone",
                "Count": 64
              },
              "required": 64
            }
          ]
        }
      ],
      "prerequisites": [],
      "optionlinks": [],
      "reward": [
        {
          "id": "minecraft:cobblestone",
          "Count": 64
        }
      ],
      "rewardchoice": [],
      "commandrewards": []
    },
    {
      "uuid": "7f141c20-a108-4e15-ac2c-19a27743cf4a",
      "name": "The End",
      "description": "The best place for end stone is of course in the end. You can get there by either finding a stronghold in The Lost Cities, or crafting an end cake.",
      "x": 131,
      "y": 112,
      "icon": {
        "id": "minecraft:end_stone",
        "Count": 1
      },
      "tasks": [
        {
          "type": "LOCATION",
          "locations": [
            {
              "name": "Visit The End",
              "x": 0,
              "y": 0,
              "z": 0,
              "dim": "minecraft:the_end",
              "radius": -3,
              "visible": "LOCATION",
              "icon": {
                "id": "minecraft:end_stone",
                "Count": 1
              }
            }
          ]
        }
      ],
      "prerequisites": [],
      "optionlinks": [],
      "reward": [
        {
          "id": "minecraft:end_stone",
          "Count": 64
        }
      ],
      "rewardchoice": [],
      "commandrewards": []
    },
    {
      "uuid": "20428566-7c78-4a96-9898-7ceef066d2f5",
      "name": "Cobalt",
      "description": "Get some cobalt by sifting for it, or washing some netherrack.",
      "x": 209,
      "y": 112,
      "icon": {
        "id": "exnihilosequentia:piece_cobalt",
        "Count": 1
      },
      "tasks": [
        {
          "type": "DETECT",
          "items": [
            {
              "item": {
                "id": "exnihilosequentia:piece_cobalt",
                "Count": 1
              }
            }
          ]
        }
      ],
      "prerequisites": [],
      "optionlinks": [],
      "reward": [
        {
          "id": "exnihilosequentia:piece_cobalt",
          "Count": 16
        }
      ],
      "rewardchoice": [],
      "commandrewards": []
    },
    {
      "uuid": "ba562470-60d9-4ced-b047-44078ac05923",
      "name": "Gravel",
      "description": "Smash some cobblestone to get gravel.",
      "x": 92,
      "y": 46,
      "icon": {
        "id": "minecraft:gravel",
        "Count": 1
      },
      "tasks": [
        {
          "type": "DETECT",
          "items": [
            {
              "item": {
                "id": "minecraft:gravel",
                "Count": 1
              }
            }
          ]
        }
      ],
      "prerequisites": [
        "41853468-07cd-4f4a-a0e4-da8d8cf067de",
        "146cfde4-62ab-4bb7-9f75-605352a849ea"
      ],
      "optionlinks": [],
      "reward": [
        {
          "id": "minecraft:gravel",
          "Count": 16
        }
      ],
      "rewardchoice": [],
      "commandrewards": []
    },
    {
      "uuid": "75a0ad1a-561a-4f45-b15e-6bb2e7b1f28b",
      "name": "Silver",
      "description": "Get some silver by sifting for it, or washing some diorite.",
      "x": 261,
      "y": 24,
      "icon": {
        "id": "exnihilosequentia:piece_silver",
        "Count": 1
      },
      "tasks": [
        {
          "type": "DETECT",
          "items": [
            {
              "item": {
                "id": "exnihilosequentia:piece_silver",
                "Count": 1
              }
            }
          ]
        }
      ],
      "prerequisites": [],
      "optionlinks": [],
      "reward": [
        {
          "id": "exnihilosequentia:piece_silver",
          "Count": 16
        }
      ],
      "rewardchoice": [],
      "commandrewards": []
    },
    {
      "uuid": "2b3c17c6-7f23-4926-b887-9f98830f045a",
      "name": "Blaze Powder",
      "description": "Get some blaze powder by either blaze rods, sifting dust, or washing some dust.",
      "x": 287,
      "y": 68,
      "icon": {
        "id": "minecraft:blaze_powder",
        "Count": 1
      },
      "tasks": [
        {
          "type": "DETECT",
          "items": [
            {
              "item": {
                "id": "minecraft:blaze_powder",
                "Count": 1
              }
            }
          ]
        }
      ],
      "prerequisites": [],
      "optionlinks": [],
      "reward": [
        {
          "id": "minecraft:blaze_powder",
          "Count": 16
        }
      ],
      "rewardchoice": [],
      "commandrewards": []
    },
    {
      "uuid": "7d084d41-e8b4-44c9-95eb-e6f6348eb992",
      "name": "Netherite",
      "description": "Get some netherite by sifting for it, or washing some netherrack.",
      "x": 235,
      "y": 112,
      "icon": {
        "id": "minecraft:netherite_scrap",
        "Count": 1
      },
      "tasks": [
        {
          "type": "DETECT",
          "items": [
            {
              "item": {
                "id": "minecraft:netherite_scrap",
                "Count": 1
              }
            }
          ]
        }
      ],
      "prerequisites": [],
      "optionlinks": [],
      "reward": [
        {
          "id": "minecraft:netherite_scrap",
          "Count": 16
        }
      ],
      "rewardchoice": [],
      "commandrewards": []
    },
    {
      "uuid": "f36c2074-1592-4e06-bce4-139f51d7fa99",
      "name": "Punch Tree",
      "description": "Get saplings, Punch Wood.\nYou will be able to find some saplings in your starter house, if you lose those, you can always use those roots under that little island of yours...",
      "x": 27,
      "y": 24,
      "icon": {
        "id": "minecraft:oak_log",
        "Count": 1
      },
      "tasks": [
        {
          "type": "DETECT",
          "items": [
            {
              "item": {
                "id": "minecraft:oak_log",
                "Count": 1
              },
              "precision": "TAG_FUZZY"
            },
            {
              "item": {
                "id": "minecraft:oak_sapling",
                "Count": 1
              },
              "precision": "TAG_FUZZY"
            }
          ]
        }
      ],
      "prerequisites": [],
      "optionlinks": [],
      "reward": [
        {
          "id": "minecraft:diamond",
          "Count": 1
        },
        {
          "id": "minecraft:oak_log",
          "Count": 64
        }
      ],
      "rewardchoice": [],
      "commandrewards": []
    },
    {
      "uuid": "40ff10c8-090b-4024-a35c-82533dfcb257",
      "name": "Sifting",
      "description": "Sifting for goodies is a straight-forward way of getting some materials. Using different types of meshes, water-logging or not, can get you different items.",
      "x": 79,
      "y": 68,
      "icon": {
        "id": "exnihilosequentia:mesh_string",
        "Count": 1
      },
      "tasks": [
        {
          "type": "DETECT",
          "items": [
            {
              "item": {
                "id": "exnihilosequentia:mesh_string",
                "Count": 1
              },
              "precision": "TAG_FUZZY"
            },
            {
              "item": {
                "id": "exnihilosequentia:sieve",
                "Count": 1
              }
            }
          ]
        }
      ],
      "prerequisites": [
        "41085e27-3746-4622-ace9-04dd3186a0c7"
      ],
      "optionlinks": [],
      "reward": [
        {
          "id": "exnihilosequentia:sieve",
          "Count": 8
        },
        {
          "id": "exnihilosequentia:mesh_string",
          "Count": 8
        }
      ],
      "rewardchoice": [],
      "commandrewards": []
    },
    {
      "uuid": "41085e27-3746-4622-ace9-04dd3186a0c7",
      "name": "Silky String",
      "description": "With a crook, you can get some silk worms from the leaves. reinfesting the leaves with these worms can make the leaves drop string when broken.",
      "x": 66,
      "y": 46,
      "icon": {
        "id": "minecraft:string",
        "Count": 1
      },
      "tasks": [
        {
          "type": "DETECT",
          "items": [
            {
              "item": {
                "id": "exnihilosequentia:crook_wood",
                "Count": 1,
                "tag": {
                  "Damage": 0
                }
              }
            },
            {
              "item": {
                "id": "minecraft:string",
                "Count": 1
              }
            }
          ]
        }
      ],
      "prerequisites": [
        "08245621-6e04-4491-83a9-31521b6ff8ac"
      ],
      "optionlinks": [],
      "reward": [
        {
          "id": "minecraft:string",
          "Count": 16
        }
      ],
      "rewardchoice": [],
      "commandrewards": []
    },
    {
      "uuid": "6d9046ca-1be7-4b3b-bc1a-9f1a106e80d6",
      "name": "Dolls",
      "description": "The different dolls will be able to spawn in different mobs depending on which doll and which type of fluid is in the barrel when you use it.",
      "x": 66,
      "y": 90,
      "icon": {
        "id": "exnihilosequentia:doll_crafting",
        "Count": 1
      },
      "tasks": [
        {
          "type": "DETECT",
          "items": [
            {
              "item": {
                "id": "exnihilosequentia:doll_blaze",
                "Count": 1
              }
            },
            {
              "item": {
                "id": "exnihilosequentia:doll_enderman",
                "Count": 1
              }
            },
            {
              "item": {
                "id": "exnihilosequentia:doll_shulker",
                "Count": 1
              }
            },
            {
              "item": {
                "id": "exnihilosequentia:doll_guardian",
                "Count": 1
              }
            },
            {
              "item": {
                "id": "exnihilosequentia:doll_bee",
                "Count": 1
              }
            }
          ]
        }
      ],
      "prerequisites": [
        "f3e48a18-6709-41a8-a0f9-cc621c16e520"
      ],
      "optionlinks": [],
      "reward": [
        {
          "id": "minecraft:blaze_rod",
          "Count": 1
        },
        {
          "id": "minecraft:ender_pearl",
          "Count": 1
        },
        {
          "id": "minecraft:shulker_shell",
          "Count": 1
        },
        {
          "id": "minecraft:prismarine_shard",
          "Count": 1
        }
      ],
      "rewardchoice": [],
      "commandrewards": []
    },
    {
      "uuid": "cd6b50cc-edeb-4bd1-ba97-203dcbf2a986",
      "name": "Nickel",
      "description": "Get some nickel by sifting for it, or washing some diorite.",
      "x": 235,
      "y": 24,
      "icon": {
        "id": "exnihilosequentia:piece_nickel",
        "Count": 1
      },
      "tasks": [
        {
          "type": "DETECT",
          "items": [
            {
              "item": {
                "id": "exnihilosequentia:piece_nickel",
                "Count": 1
              }
            }
          ]
        }
      ],
      "prerequisites": [],
      "optionlinks": [],
      "reward": [
        {
          "id": "exnihilosequentia:piece_nickel",
          "Count": 16
        }
      ],
      "rewardchoice": [],
      "commandrewards": []
    },
    {
      "uuid": "3bd07a8a-8ab3-4f35-8144-cbf615569c7e",
      "name": "Crucible",
      "description": "A fired crucible will be able to melt cobblestone (and more) into lava. Depending on what is heating the crucible will determine how fast it works.",
      "x": 40,
      "y": 90,
      "icon": {
        "id": "exnihilosequentia:crucible_fired",
        "Count": 1
      },
      "tasks": [
        {
          "type": "DETECT",
          "items": [
            {
              "item": {
                "id": "exnihilosequentia:crucible_fired",
                "Count": 1
              }
            }
          ]
        }
      ],
      "prerequisites": [
        "f3e48a18-6709-41a8-a0f9-cc621c16e520"
      ],
      "optionlinks": [],
      "reward": [
        {
          "id": "minecraft:cobblestone",
          "Count": 16
        }
      ],
      "rewardchoice": [],
      "commandrewards": []
    },
    {
      "uuid": "1a673b96-d6ea-45e6-af41-f3b590375e78",
      "name": "Iron",
      "description": "Get some iron by sifting for it, or washing some granite.",
      "x": 196,
      "y": 46,
      "icon": {
        "id": "exnihilosequentia:piece_iron",
        "Count": 1
      },
      "tasks": [
        {
          "type": "DETECT",
          "items": [
            {
              "item": {
                "id": "exnihilosequentia:piece_iron",
                "Count": 1
              }
            }
          ]
        }
      ],
      "prerequisites": [],
      "optionlinks": [],
      "reward": [
        {
          "id": "exnihilosequentia:piece_iron",
          "Count": 16
        }
      ],
      "rewardchoice": [],
      "commandrewards": []
    },
    {
      "uuid": "9cb7c2a6-4d64-439e-a75e-6f62921ab90b",
      "name": "Gunpowder",
      "description": "Get some gunpowder either from creepers, sifting dust, or washing some dust.",
      "x": 209,
      "y": 68,
      "icon": {
        "id": "minecraft:gunpowder",
        "Count": 1
      },
      "tasks": [
        {
          "type": "DETECT",
          "items": [
            {
              "item": {
                "id": "minecraft:gunpowder",
                "Count": 1
              }
            }
          ]
        }
      ],
      "prerequisites": [],
      "optionlinks": [],
      "reward": [
        {
          "id": "minecraft:gunpowder",
          "Count": 16
        }
      ],
      "rewardchoice": [],
      "commandrewards": []
    },
    {
      "uuid": "4a09e7c6-ce98-45ff-bfdc-943463c3e2cb",
      "name": "Witch Water",
      "description": "Placing a barrel full of water on top of some mycelium will convert the water into witch water. This will be necessary later for a handful of things.",
      "x": 53,
      "y": 68,
      "icon": {
        "id": "exnihilosequentia:bucket_witchwater",
        "Count": 1
      },
      "tasks": [
        {
          "type": "DETECT",
          "items": [
            {
              "item": {
                "id": "exnihilosequentia:bucket_witchwater",
                "Count": 1
              }
            }
          ]
        }
      ],
      "prerequisites": [
        "d0b5bc9e-f178-4b35-9da9-13105bc4d248"
      ],
      "optionlinks": [],
      "reward": [
        {
          "id": "minecraft:mycelium",
          "Count": 8
        }
      ],
      "rewardchoice": [],
      "commandrewards": []
    },
    {
      "uuid": "0bdef044-82e8-4f70-bd38-418f33601c9f",
      "name": "Assembler",
      "description": "The assembler is going to be needed to get a bunch of the components for the miners.",
      "x": 222,
      "y": 90,
      "icon": {
        "id": "envirocore:assembler",
        "Count": 1
      },
      "tasks": [
        {
          "type": "DETECT",
          "items": [
            {
              "item": {
                "id": "envirocore:assembler",
                "Count": 1
              },
              "precision": "TAG_NBT_FUZZY"
            }
          ]
        }
      ],
      "prerequisites": [
        "83b8f6fa-6f0b-49f9-a1ff-263bb6992298"
      ],
      "optionlinks": [],
      "reward": [
        {
          "id": "envirocore:redstone_imbued_obsidian_plate",
          "Count": 1
        }
      ],
      "rewardchoice": [],
      "commandrewards": []
    },
    {
      "uuid": "eaa2f770-d93c-4c4b-887e-065964048b4b",
      "name": "Stone",
      "description": "Besides being useful in and of itself, stone can be hammered into little pebbles that can get you alternate versions of the stone.",
      "x": 118,
      "y": 46,
      "icon": {
        "id": "minecraft:stone",
        "Count": 1
      },
      "tasks": [
        {
          "type": "DETECT",
          "items": [
            {
              "item": {
                "id": "minecraft:stone",
                "Count": 1
              }
            }
          ]
        }
      ],
      "prerequisites": [
        "975ca58e-00c5-4ecc-bc3c-dcc47d6bf121"
      ],
      "optionlinks": [],
      "reward": [
        {
          "id": "minecraft:stone",
          "Count": 16
        }
      ],
      "rewardchoice": [],
      "commandrewards": []
    },
    {
      "uuid": "fefee8bf-c1de-43b3-8c2c-79ea16d674f3",
      "name": "Memory Programmer",
      "description": "In order to tell the miner which type of resources to mine, you will need to program a flash memory in the memory programmer.",
      "x": 248,
      "y": 90,
      "icon": {
        "id": "envirocore:memory_programmer",
        "Count": 1
      },
      "tasks": [
        {
          "type": "DETECT",
          "items": [
            {
              "item": {
                "id": "envirocore:memory_programmer",
                "Count": 1
              }
            },
            {
              "item": {
                "id": "envirocore:flash_memory",
                "Count": 1
              }
            }
          ]
        }
      ],
      "prerequisites": [
        "83b8f6fa-6f0b-49f9-a1ff-263bb6992298"
      ],
      "optionlinks": [],
      "reward": [
        {
          "id": "envirocore:flash_memory",
          "Count": 1
        }
      ],
      "rewardchoice": [],
      "commandrewards": []
    },
    {
      "uuid": "e8c8746f-723f-4265-852f-62edf63d6052",
      "name": "Copper",
      "description": "Get some copper by sifting for it, or washing some granite.",
      "x": 183,
      "y": 24,
      "icon": {
        "id": "exnihilosequentia:piece_copper",
        "Count": 1
      },
      "tasks": [
        {
          "type": "DETECT",
          "items": [
            {
              "item": {
                "id": "exnihilosequentia:piece_copper",
                "Count": 1
              }
            }
          ]
        }
      ],
      "prerequisites": [],
      "optionlinks": [],
      "reward": [
        {
          "id": "exnihilosequentia:piece_copper",
          "Count": 16
        }
      ],
      "rewardchoice": [],
      "commandrewards": []
    },
    {
      "uuid": "d0b5bc9e-f178-4b35-9da9-13105bc4d248",
      "name": "Barrels",
      "description": "Using barrels, you can collect some more water, compost some dirt, and convert some stuff.",
      "x": 40,
      "y": 46,
      "icon": {
        "id": "exnihilosequentia:barrel_wood",
        "Count": 1
      },
      "tasks": [
        {
          "type": "DETECT",
          "items": [
            {
              "item": {
                "id": "exnihilosequentia:barrel_wood",
                "Count": 1
              }
            }
          ]
        }
      ],
      "prerequisites": [
        "08245621-6e04-4491-83a9-31521b6ff8ac"
      ],
      "optionlinks": [],
      "reward": [
        {
          "id": "minecraft:dirt",
          "Count": 64
        }
      ],
      "rewardchoice": [],
      "commandrewards": []
    },
    {
      "uuid": "e6f0373b-afcb-4dda-9272-5d38fd38bc49",
      "name": "Dust",
      "description": "Smash some sand to get dust.",
      "x": 118,
      "y": 90,
      "icon": {
        "id": "exnihilosequentia:dust",
        "Count": 1
      },
      "tasks": [
        {
          "type": "DETECT",
          "items": [
            {
              "item": {
                "id": "exnihilosequentia:dust",
                "Count": 1
              }
            }
          ]
        }
      ],
      "prerequisites": [
        "6027e5a8-8b69-4b8d-8dd1-83b293186afe"
      ],
      "optionlinks": [],
      "reward": [
        {
          "id": "exnihilosequentia:dust",
          "Count": 16
        }
      ],
      "rewardchoice": [],
      "commandrewards": []
    },
    {
      "uuid": "1543bb3b-7e4d-49ef-9586-962fab4f7cde",
      "name": "Metal Scrap",
      "description": "These metal scraps might not seem to be much, but they can be used to get some better Tetra things from the Wandering Traders.",
      "x": 118,
      "y": 134,
      "icon": {
        "id": "tetra:metal_scrap",
        "Count": 1
      },
      "tasks": [
        {
          "type": "DETECT",
          "items": [
            {
              "item": {
                "id": "tetra:metal_scrap",
                "Count": 1
              }
            }
          ]
        }
      ],
      "prerequisites": [
        "b2ca00d2-c314-499d-8162-b7800dff97f9"
      ],
      "optionlinks": [],
      "reward": [
        {
          "id": "tetra:metal_scrap",
          "Count": 64
        }
      ],
      "rewardchoice": [],
      "commandrewards": []
    },
    {
      "uuid": "d54e8fa9-4adf-40a0-af5b-0781f3782c5f",
      "name": "Nether",
      "description": "The best place for netherrack is of course the nether. You can get there the normal way of constructing a nether portal.",
      "x": 105,
      "y": 112,
      "icon": {
        "id": "minecraft:netherrack",
        "Count": 1
      },
      "tasks": [
        {
          "type": "LOCATION",
          "locations": [
            {
              "name": "Visit the Nether",
              "x": 254,
              "y": 50,
              "z": 253,
              "dim": "minecraft:the_nether",
              "radius": -3,
              "visible": "LOCATION",
              "icon": {
                "id": "minecraft:netherrack",
                "Count": 1
              }
            }
          ]
        }
      ],
      "prerequisites": [],
      "optionlinks": [],
      "reward": [
        {
          "id": "minecraft:netherrack",
          "Count": 64
        }
      ],
      "rewardchoice": [],
      "commandrewards": []
    },
    {
      "uuid": "975ca58e-00c5-4ecc-bc3c-dcc47d6bf121",
      "name": "Furnace",
      "description": "You are going to want a good furnace. There are many different types that can go faster than this first one, but for now, this should work fine for you.",
      "x": 131,
      "y": 24,
      "icon": {
        "id": "minecraft:furnace",
        "Count": 1
      },
      "tasks": [
        {
          "type": "DETECT",
          "items": [
            {
              "item": {
                "id": "minecraft:furnace",
                "Count": 1
              }
            }
          ]
        }
      ],
      "prerequisites": [
        "41853468-07cd-4f4a-a0e4-da8d8cf067de"
      ],
      "optionlinks": [],
      "reward": [
        {
          "id": "minecraft:coal",
          "Count": 16
        }
      ],
      "rewardchoice": [],
      "commandrewards": []
    },
    {
      "uuid": "6027e5a8-8b69-4b8d-8dd1-83b293186afe",
      "name": "Sand",
      "description": "Smash some gravel to get sand.",
      "x": 105,
      "y": 68,
      "icon": {
        "id": "minecraft:sand",
        "Count": 1
      },
      "tasks": [
        {
          "type": "DETECT",
          "items": [
            {
              "item": {
                "id": "minecraft:sand",
                "Count": 1
              }
            }
          ]
        }
      ],
      "prerequisites": [
        "ba562470-60d9-4ced-b047-44078ac05923"
      ],
      "optionlinks": [],
      "reward": [
        {
          "id": "minecraft:sand",
          "Count": 16
        }
      ],
      "rewardchoice": [],
      "commandrewards": []
    },
    {
      "uuid": "10160037-79e3-4652-a1ee-b8453b121bc6",
      "name": "Lost Cities",
      "description": "Getting to the Lost Cities will be crucial for progression through this pack. You will be able to find the Astral Sorcery structures, Applied Energistics Meteors, and many dungeons and mineshafts to explore. In order to get there put some diamonds under you bed, then surround with skulls.",
      "x": 66,
      "y": 134,
      "icon": {
        "id": "minecraft:red_bed",
        "Count": 1
      },
      "tasks": [
        {
          "type": "LOCATION",
          "locations": [
            {
              "name": "Visit the Lost Cities",
              "x": 0,
              "y": 0,
              "z": 0,
              "dim": "lostcities:lostcity",
              "radius": -1,
              "visible": "LOCATION"
            }
          ]
        }
      ],
      "prerequisites": [],
      "optionlinks": [],
      "reward": [
        {
          "id": "minecraft:diamond",
          "Count": 1
        }
      ],
      "rewardchoice": [],
      "commandrewards": []
    },
    {
      "uuid": "65f107b0-10be-408b-bce6-1a0887751700",
      "name": "Glowstone",
      "description": "Get some glowstone either from the nether, killing a witch, sifting some dust, or washing dust.",
      "x": 235,
      "y": 68,
      "icon": {
        "id": "minecraft:glowstone_dust",
        "Count": 1
      },
      "tasks": [
        {
          "type": "DETECT",
          "items": [
            {
              "item": {
                "id": "minecraft:glowstone_dust",
                "Count": 1
              }
            }
          ]
        }
      ],
      "prerequisites": [],
      "optionlinks": [],
      "reward": [
        {
          "id": "minecraft:glowstone_dust",
          "Count": 16
        }
      ],
      "rewardchoice": [],
      "commandrewards": []
    },
    {
      "uuid": "acd686a2-a2d6-4d4b-ac80-0bf62932b942",
      "name": "Lava",
      "description": "Lava can be very useful. It can be converted into obsidian as well as converted into power later on.",
      "x": 53,
      "y": 112,
      "icon": {
        "id": "minecraft:lava_bucket",
        "Count": 1
      },
      "tasks": [
        {
          "type": "DETECT",
          "items": [
            {
              "item": {
                "id": "minecraft:lava_bucket",
                "Count": 1
              }
            }
          ]
        }
      ],
      "prerequisites": [
        "3bd07a8a-8ab3-4f35-8144-cbf615569c7e"
      ],
      "optionlinks": [],
      "reward": [
        {
          "id": "minecraft:lava_bucket",
          "Count": 1
        }
      ],
      "rewardchoice": [],
      "commandrewards": []
    },
    {
      "uuid": "146cfde4-62ab-4bb7-9f75-605352a849ea",
      "name": "Hammer",
      "description": "A hammer can be used to break things down into a finer version of things.",
      "x": 79,
      "y": 24,
      "icon": {
        "id": "exnihilosequentia:hammer_wood",
        "Count": 1,
        "tag": {
          "Damage": 0
        }
      },
      "tasks": [
        {
          "type": "DETECT",
          "items": [
            {
              "item": {
                "id": "exnihilosequentia:hammer_wood",
                "Count": 1,
                "tag": {
                  "Damage": 0
                }
              }
            }
          ]
        }
      ],
      "prerequisites": [
        "08245621-6e04-4491-83a9-31521b6ff8ac"
      ],
      "optionlinks": [],
      "reward": [
        {
          "id": "minecraft:cobblestone",
          "Count": 16
        }
      ],
      "rewardchoice": [],
      "commandrewards": []
    },
    {
      "uuid": "f3e48a18-6709-41a8-a0f9-cc621c16e520",
      "name": "Clay",
      "description": "Putting some dust in a barrel of water will get you some clay.",
      "x": 27,
      "y": 68,
      "icon": {
        "id": "minecraft:clay",
        "Count": 1
      },
      "tasks": [
        {
          "type": "DETECT",
          "items": [
            {
              "item": {
                "id": "minecraft:clay",
                "Count": 1
              }
            }
          ]
        }
      ],
      "prerequisites": [
        "d0b5bc9e-f178-4b35-9da9-13105bc4d248"
      ],
      "optionlinks": [],
      "reward": [
        {
          "id": "minecraft:clay",
          "Count": 16
        }
      ],
      "rewardchoice": [],
      "commandrewards": []
    },
    {
      "uuid": "b2ca00d2-c314-499d-8162-b7800dff97f9",
      "name": "The Undergarden",
      "description": "The Undergarden is quite the place. You might find yourself either in fear, or in awe. In order to open the portal, make a frame out of stone bricks, then click it with a catalyst.",
      "x": 92,
      "y": 134,
      "icon": {
        "id": "undergarden:catalyst",
        "Count": 1
      },
      "tasks": [
        {
          "type": "DETECT",
          "items": [
            {
              "item": {
                "id": "undergarden:catalyst",
                "Count": 1
              }
            }
          ]
        },
        {
          "type": "LOCATION",
          "locations": [
            {
              "name": "Visit The Undergarden",
              "x": 0,
              "y": 0,
              "z": 0,
              "dim": "undergarden:undergarden",
              "radius": -1,
              "visible": "LOCATION"
            }
          ]
        }
      ],
      "prerequisites": [],
      "optionlinks": [],
      "reward": [
        {
          "id": "undergarden:regalium_ore",
          "Count": 1
        }
      ],
      "rewardchoice": [],
      "commandrewards": []
    },
    {
      "uuid": "83b8f6fa-6f0b-49f9-a1ff-263bb6992298",
      "name": "Litherite",
      "description": "The first thing needed to set up a void miner, is to create some litherite crystals.",
      "x": 196,
      "y": 90,
      "icon": {
        "id": "envirocore:litherite_crystal",
        "Count": 1
      },
      "tasks": [
        {
          "type": "DETECT",
          "items": [
            {
              "item": {
                "id": "envirocore:litherite_crystal",
                "Count": 1
              }
            }
          ]
        }
      ],
      "prerequisites": [],
      "optionlinks": [],
      "reward": [
        {
          "id": "envirocore:litherite_crystal",
          "Count": 8
        }
      ],
      "rewardchoice": [],
      "commandrewards": []
    },
    {
      "uuid": "56c017c7-58c3-4ff5-97b7-8e253b9812c6",
      "name": "Lead",
      "description": "Get some lead by sifting for it, or washing some andesite.",
      "x": 209,
      "y": 24,
      "icon": {
        "id": "exnihilosequentia:piece_lead",
        "Count": 1
      },
      "tasks": [
        {
          "type": "DETECT",
          "items": [
            {
              "item": {
                "id": "exnihilosequentia:piece_lead",
                "Count": 1
              }
            }
          ]
        }
      ],
      "prerequisites": [],
      "optionlinks": [],
      "reward": [
        {
          "id": "exnihilosequentia:piece_lead",
          "Count": 16
        }
      ],
      "rewardchoice": [],
      "commandrewards": []
    },
    {
      "uuid": "7ff49d60-f63a-4fc9-8387-f57bde61a587",
      "name": "Zinc",
      "description": "Get some zinc by sifting for it, or washing some andesite.",
      "x": 222,
      "y": 46,
      "icon": {
        "id": "exnihilosequentia:piece_zinc",
        "Count": 1
      },
      "tasks": [
        {
          "type": "DETECT",
          "items": [
            {
              "item": {
                "id": "exnihilosequentia:piece_zinc",
                "Count": 1
              }
            }
          ]
        }
      ],
      "prerequisites": [],
      "optionlinks": [],
      "reward": [
        {
          "id": "exnihilosequentia:piece_zinc",
          "Count": 16
        }
      ],
      "rewardchoice": [],
      "commandrewards": []
    }
  ],
  "reputationBar": [],
  "description": "Ex Nihilo quests will guide you through the early game resource gathering and help you get into Create"
}