{
  "name": "Storage",
  "quests": [
    {
      "uuid": "5d5855ce-ca32-43f2-b65a-2cf20bbd1ee2",
      "name": "Storage Scanner",
      "description": "The Storage Scanner will allow you to reference many different inventories through a single block.",
      "x": 118,
      "y": 68,
      "icon": {
        "id": "rftoolsstorage:storage_scanner",
        "Count": 1
      },
      "tasks": [
        {
          "type": "DETECT",
          "items": [
            {
              "item": {
                "id": "rftoolsstorage:storage_scanner",
                "Count": 1
              }
            }
          ]
        }
      ],
      "prerequisites": [],
      "optionlinks": [],
      "reward": [
        {
          "id": "rftoolsstorage:storage_module3",
          "Count": 1
        }
      ],
      "rewardchoice": [],
      "commandrewards": []
    },
    {
      "uuid": "ba61d303-7be4-4ee3-bf07-12525fde8f3d",
      "name": "Barrels",
      "description": "Similar to the Iron Chests in many ways, the Metal Barrels mod allows you to upgrade the barrels as well.",
      "x": 105,
      "y": 46,
      "icon": {
        "id": "metalbarrels:iron_barrel",
        "Count": 1
      },
      "tasks": [
        {
          "type": "DETECT",
          "items": [
            {
              "item": {
                "id": "metalbarrels:iron_barrel",
                "Count": 1
              }
            },
            {
              "item": {
                "id": "metalbarrels:gold_barrel",
                "Count": 1
              }
            },
            {
              "item": {
                "id": "metalbarrels:diamond_barrel",
                "Count": 1
              }
            },
            {
              "item": {
                "id": "metalbarrels:crystal_barrel",
                "Count": 1
              }
            },
            {
              "item": {
                "id": "metalbarrels:obsidian_barrel",
                "Count": 1
              }
            },
            {
              "item": {
                "id": "metalbarrels:netherite_barrel",
                "Count": 1
              }
            }
          ]
        }
      ],
      "prerequisites": [],
      "optionlinks": [],
      "reward": [
        {
          "id": "metalbarrels:crystal_barrel",
          "Count": 1
        }
      ],
      "rewardchoice": [],
      "commandrewards": []
    },
    {
      "uuid": "1cef347d-4ddb-4ee2-a59f-3c25f8111716",
      "name": "Modular Storage",
      "description": "The modular storage will be very useful to consolidate storage a bit.",
      "x": 92,
      "y": 68,
      "icon": {
        "id": "rftoolsstorage:modular_storage",
        "Count": 1
      },
      "tasks": [
        {
          "type": "DETECT",
          "items": [
            {
              "item": {
                "id": "rftoolsstorage:modular_storage",
                "Count": 1
              },
              "precision": "TAG_NBT_FUZZY"
            },
            {
              "item": {
                "id": "rftoolsstorage:storage_module0",
                "Count": 1
              },
              "precision": "TAG_NBT_FUZZY"
            },
            {
              "item": {
                "id": "rftoolsstorage:storage_module1",
                "Count": 1
              },
              "precision": "TAG_NBT_FUZZY"
            },
            {
              "item": {
                "id": "rftoolsstorage:storage_module2",
                "Count": 1
              },
              "precision": "TAG_NBT_FUZZY"
            },
            {
              "item": {
                "id": "rftoolsstorage:storage_module3",
                "Count": 1
              },
              "precision": "TAG_NBT_FUZZY"
            }
          ]
        }
      ],
      "prerequisites": [],
      "optionlinks": [],
      "reward": [
        {
          "id": "rftoolsstorage:storage_module3",
          "Count": 1
        }
      ],
      "rewardchoice": [],
      "commandrewards": []
    },
    {
      "uuid": "14049e4e-b3d2-4524-b859-0ccaf1c46de3",
      "name": "Chests",
      "description": "The different levels of the Iron Chests mod allows for larger inventories in your chests.",
      "x": 79,
      "y": 46,
      "icon": {
        "id": "ironchest:iron_chest",
        "Count": 1
      },
      "tasks": [
        {
          "type": "DETECT",
          "items": [
            {
              "item": {
                "id": "ironchest:iron_chest",
                "Count": 1
              }
            },
            {
              "item": {
                "id": "ironchest:gold_chest",
                "Count": 1
              }
            },
            {
              "item": {
                "id": "ironchest:diamond_chest",
                "Count": 1
              }
            },
            {
              "item": {
                "id": "ironchest:crystal_chest",
                "Count": 1
              }
            },
            {
              "item": {
                "id": "ironchest:obsidian_chest",
                "Count": 1
              }
            }
          ]
        }
      ],
      "prerequisites": [],
      "optionlinks": [],
      "reward": [
        {
          "id": "ironchest:crystal_chest",
          "Count": 1
        }
      ],
      "rewardchoice": [],
      "commandrewards": []
    },
    {
      "uuid": "65d138b9-89b9-46cd-ac83-1a230e533725",
      "name": "Printed Circuits",
      "description": "You will not be able to find any presses for the inscriber, and creating them needs the printed circuit to begin with. Luckily you can create the printed circuits in you assembly machine.",
      "x": 79,
      "y": 90,
      "icon": {
        "id": "appliedenergistics2:printed_logic_processor",
        "Count": 1
      },
      "tasks": [
        {
          "type": "DETECT",
          "items": [
            {
              "item": {
                "id": "appliedenergistics2:printed_logic_processor",
                "Count": 1
              }
            },
            {
              "item": {
                "id": "appliedenergistics2:printed_calculation_processor",
                "Count": 1
              }
            },
            {
              "item": {
                "id": "appliedenergistics2:printed_engineering_processor",
                "Count": 1
              }
            },
            {
              "item": {
                "id": "appliedenergistics2:printed_silicon",
                "Count": 1
              }
            }
          ]
        },
        {
          "type": "DETECT",
          "items": [
            {
              "item": {
                "id": "appliedenergistics2:logic_processor_press",
                "Count": 1
              }
            },
            {
              "item": {
                "id": "appliedenergistics2:calculation_processor_press",
                "Count": 1
              }
            },
            {
              "item": {
                "id": "appliedenergistics2:engineering_processor_press",
                "Count": 1
              }
            },
            {
              "item": {
                "id": "appliedenergistics2:silicon_press",
                "Count": 1
              }
            }
          ]
        }
      ],
      "prerequisites": [],
      "optionlinks": [],
      "reward": [
        {
          "id": "appliedenergistics2:inscriber",
          "Count": 1
        }
      ],
      "rewardchoice": [],
      "commandrewards": []
    },
    {
      "uuid": "7f823e5f-fe27-44f4-84fb-3936679bc4a3",
      "name": "ME Controller",
      "description": "The trick to getting the sky stone needed for your ME controller will be to find a meteor in the lost cities dimension.",
      "x": 105,
      "y": 90,
      "icon": {
        "id": "appliedenergistics2:controller",
        "Count": 1
      },
      "tasks": [
        {
          "type": "DETECT",
          "items": [
            {
              "item": {
                "id": "appliedenergistics2:controller",
                "Count": 1
              }
            }
          ]
        }
      ],
      "prerequisites": [
        "65d138b9-89b9-46cd-ac83-1a230e533725"
      ],
      "optionlinks": [],
      "reward": [
        {
          "id": "appliedenergistics2:controller",
          "Count": 1
        }
      ],
      "rewardchoice": [],
      "commandrewards": []
    },
    {
      "uuid": "e577b75d-b382-4fc9-af7d-b1aa1f37545c",
      "name": "ME Storage",
      "description": "In order to actually digitally store your items, you will need a drive and some storage components. These will require some Mekanism circuits, so you might actually have the rest of your system set up first.",
      "x": 92,
      "y": 112,
      "icon": {
        "id": "appliedenergistics2:drive",
        "Count": 1
      },
      "tasks": [
        {
          "type": "DETECT",
          "items": [
            {
              "item": {
                "id": "appliedenergistics2:drive",
                "Count": 1
              }
            },
            {
              "item": {
                "id": "appliedenergistics2:1k_storage_cell",
                "Count": 1,
                "tag": {}
              },
              "precision": "TAG_NBT_FUZZY"
            }
          ]
        }
      ],
      "prerequisites": [
        "65d138b9-89b9-46cd-ac83-1a230e533725"
      ],
      "optionlinks": [],
      "reward": [
        {
          "id": "appliedenergistics2:1k_storage_cell",
          "Count": 1,
          "tag": {}
        }
      ],
      "rewardchoice": [],
      "commandrewards": []
    },
    {
      "uuid": "2c4411c2-99ad-4c7c-be3c-4614302d43cd",
      "name": "QuantumStorage",
      "description": "The quantum storage mod also allows for large inventories in a single block space.",
      "x": 66,
      "y": 68,
      "icon": {
        "id": "quantumstorage:qsu",
        "Count": 1
      },
      "tasks": [
        {
          "type": "DETECT",
          "items": [
            {
              "item": {
                "id": "quantumstorage:chestiron",
                "Count": 1
              }
            },
            {
              "item": {
                "id": "quantumstorage:chestgold",
                "Count": 1
              }
            },
            {
              "item": {
                "id": "quantumstorage:chestdiamond",
                "Count": 1
              }
            },
            {
              "item": {
                "id": "quantumstorage:qsu",
                "Count": 1
              }
            }
          ]
        }
      ],
      "prerequisites": [],
      "optionlinks": [],
      "reward": [
        {
          "id": "quantumstorage:qsu",
          "Count": 1
        }
      ],
      "rewardchoice": [],
      "commandrewards": []
    }
  ],
  "reputationBar": [],
  "description": "You will find that the ME system is not something that can be used right off the bat. You will want to set up some other options first most likely."
}