{
  "type": "immersiveengineering:metal_press",
  "mold": "immersiveengineering:mold_gear",
  "result": {
    "tag": "forge:gears/pure_titanium"
  },
  "conditions": [
    {
      "value": {
        "tag": "forge:plates/pure_titanium",
        "type": "forge:tag_empty"
      },
      "type": "forge:not"
    },
    {
      "value": {
        "tag": "forge:gears/pure_titanium",
        "type": "forge:tag_empty"
      },
      "type": "forge:not"
    }
  ],
  "input": {
    "count": 4,
    "base_ingredient": {
      "tag": "forge:plates/pure_titanium"
    }
  },
  "energy": 2400
}