{
  "type": "create:sequenced_assembly",
  "ingredient": {
    "item": "immersiveengineering:sheetmetal_iron"
  },
  "transitionalItem": {
    "item": "immersiveengineering:sheetmetal_iron"
  },
  "sequence": [
    {
      "type": "create:deploying",
      "ingredients": [
        {
          "item": "immersiveengineering:sheetmetal_iron"
        },
        {
          "item": "immersiveengineering:component_iron"
        }
      ],
      "results": [
        {
          "item": "immersiveengineering:sheetmetal_iron"
        }
      ]
    },
    {
      "type": "create:deploying",
      "ingredients": [
        {
          "item": "immersiveengineering:sheetmetal_iron"
        },
        {
          "tag": "forge:circuits/basic"
        }
      ],
      "results": [
        {
          "item": "immersiveengineering:sheetmetal_iron"
        }
      ]
    },
    {
      "type": "create:deploying",
      "ingredients": [
        {
          "item": "immersiveengineering:sheetmetal_iron"
        },
        {
          "tag": "forge:wires/gold"
        }
      ],
      "results": [
        {
          "item": "immersiveengineering:sheetmetal_iron"
        }
      ]
    }
  ],
  "results": [
    {
      "item": "immersiveengineering:light_engineering",
      "chance": 90.0
    },
    {
      "item": "immersiveengineering:sheetmetal_iron",
      "chance": 10.0
    }
  ],
  "loops": 4
}