{
  "mysticalagradditions:neutronium": {
    "ingredient": {
      "item": "avaritia:neutron_ingot"
    }
  },
  "mysticalagriculture:iridium" :{
    "enabled": false
  },
  "mysticalagriculture:peridot" :{
    "enabled": false
  },
  "mysticalagriculture:sapphire" :{
    "enabled": false
  },
  "mysticalagriculture:ruby" :{
    "enabled": false
  },
  "mysticalagriculture:chrome" :{
    "enabled": false
  },
  "mysticalagriculture:titanium" :{
    "enabled": false
  },
  "mysticalagriculture:tungsten" :{
    "enabled": false
  },
  "mysticalagriculture:mithril" :{
    "enabled": false
  },
  "mysticalagriculture:invar" :{
    "enabled": false
  },
  "mysticalagriculture:graphite" :{
    "enabled": false
  },
  "mysticalagriculture:apatite" :{
    "enabled": false
  },
  "mysticalagriculture:rubber" :{
    "enabled": false
  },
  "mysticalagradditions:awakened_draconium" :{
    "enabled": false
  }

}