{
  "type": "avaritia:shaped_extreme_craft",
  "pattern": [
    "ABBBBBBBA",
    "BCDCECFCB",
    "BGHIJKLMB",
    "BCNOPOQCB",
    "BRJPSPJTB",
    "BCUOPOVCB",
    "BWXYJZ01B",
    "BC2C3C4CB",
    "ABBBBBBBA"
  ],
  "key": {
    "A": {
      "item": "mythicbotany:alfsteel_pylon"
    },
    "B": {
      "item": "botania:shimmerrock"
    },
    "C": {
      "item": "mysticalagradditions:creative_essence"
    },
    "D": {
      "item": "mythicbotany:helheim_rune"
    },
    "E": {
      "item": "mythicbotany:asgard_rune"
    },
    "F": {
      "item": "mythicbotany:vanaheim_rune"
    },
    "G": {
      "item": "mythicbotany:nidavellir_rune"
    },
    "H": {
      "item": "botania:rune_pride"
    },
    "I": {
      "item": "botania:rune_air"
    },
    "J": {
      "item": "botania:spark"
    },
    "K": {
      "item": "botania:rune_fire"
    },
    "L": {
      "item": "botania:rune_lust"
    },
    "M": {
      "item": "mythicbotany:alfheim_rune"
    },
    "N": {
      "item": "botania:rune_earth"
    },
    "O": {
      "item": "avaritia:infinity_ingot"
    },
    "P": {
      "item": "botania:fabulous_pool"
    },
    "Q": {
      "item": "botania:rune_water"
    },
    "R": {
      "item": "botania:rune_envy"
    },
    "S": {
      "type": "forge:nbt",
      "item": "botania:mana_tablet",
      "nbt": {
        "mana": 500000,
        "creative": true
      }
    },
    "T": {
      "item": "botania:rune_gluttony"
    },
    "U": {
      "item": "botania:rune_winter"
    },
    "V": {
      "item": "botania:rune_spring"
    },
    "W": {
      "item": "mythicbotany:niflheim_rune"
    },
    "X": {
      "item": "botania:rune_wrath"
    },
    "Y": {
      "item": "botania:rune_autumn"
    },
    "Z": {
      "item": "botania:rune_summer"
    },
    "0": {
      "item": "botania:rune_greed"
    },
    "1": {
      "item": "mythicbotany:midgard_rune"
    },
    "2": {
      "item": "mythicbotany:muspelheim_rune"
    },
    "3": {
      "item": "botania:rune_sloth"
    },
    "4": {
      "item": "mythicbotany:joetunheim_rune"
    }
  },
  "result": {
    "item": "botania:creative_pool"
  }
}