{
  "type": "avaritia:infinity_catalyst_craft",
  "category": "misc",
  "ingredients": [
    {
      "item": "extendedcrafting:ultimate_singularity"
    },
    {
      "item": "avaritia:crystal_matrix"
    },
    {
      "item": "minecraft:emerald_block"
    },
    {
      "item": "avaritia:neutron_gear"
    },
    {
      "item": "avaritia:cosmic_meatballs"
    },
    {
      "item": "avaritia:ultimate_stew"
    },
    {
      "item": "avaritia:endest_pearl"
    },
    {
      "item": "avaritia:record_fragment"
    }
  ]
}