{
  "type": "extendedcrafting:shaped_table",
  "pattern": [
    "AAAAAAA",
    "ABCCCBA",
    "AAADAAA",
    "AAA AAA",
    "AAA AAA",
    "AAA AAA",
    "AAA AAA"
  ],
  "key": {
    "A": {
      "item": "botania:terrasteel_ingot"
    },
    "B": {
      "item": "botania:rune_autumn"
    },
    "C": {
      "item": "botania:livingwood_twig"
    },
    "D": {
      "type": "forge:nbt",
      "item": "minecraft:netherite_leggings",
      "count": 1,
      "nbt": "{Damage:0}"
    }
  },
  "result": {
    "item": "botania:terrasteel_leggings"
  }
}
