{
  "type": "extendedcrafting:shaped_table",
  "pattern": [
    "ABAAABA",
    "BABABAB",
    "ACADACA",
    "AA   AA",
    "AA   AA",
    "       ",
    "       "
  ],
  "key": {
    "A": {
      "item": "botania:terrasteel_ingot"
    },
    "B": {
      "item": "botania:livingwood_twig"
    },
    "C": {
      "item": "botania:rune_spring"
    },
    "D": {
      "type": "forge:nbt",
      "item": "minecraft:netherite_helmet",
      "count": 1,
      "nbt": "{Damage:0}"
    }
  },
  "result": {
    "item": "botania:terrasteel_helmet"
  }
}
