{
  "bookshelf:load_conditions": [
    {
      "type": "bookshelf:item_exists",
      "values": [
        "immersiveengineering:seed"
      ]
    }
  ],
  "type": "botanypots:crop",
  "seed": {
    "item": "immersiveengineering:seed"
  },
  "categories": [
    "dirt"
  ],
  "growthTicks": 1600,
  "display": [
    {
      "block": "immersiveengineering:hemp",
      "properties": {
        "top": false,
        "age": 4
      }
    },
    {
      "block": "immersiveengineering:hemp",
      "properties": {
        "top": true,
        "age": 4
      }
    }
  ],
  "drops": [
    {
      "chance": 1.0,
      "output": {
        "item": "immersiveengineering:hemp_fiber"
      },
      "minRolls": 1,
      "maxRolls": 3
    },
    {
      "chance": 0.05,
      "output": {
        "item": "immersiveengineering:seed"
      },
      "minRolls": 1,
      "maxRolls": 2
    }
  ]
}