{
  "type": "mysticalagriculture:infusion",
  "input": {
    "item": "mysticalagriculture:tertium_farmland"
  },
  "ingredients": [
    {
      "tag": "mysticalagriculture:essences/tier4"
    },
    {
      "item": "mysticalagriculture:imperium_block"
    },
    {
      "tag": "mysticalagriculture:essences/tier4"
    },
    {
      "item": "mysticalagriculture:imperium_block"
    },
    {
      "tag": "mysticalagriculture:essences/tier4"
    },
    {
      "item": "mysticalagriculture:imperium_block"
    },
    {
      "tag": "mysticalagriculture:essences/tier4"
    },
    {
      "item": "mysticalagriculture:imperium_block"
    }
  ],
  "result": {
    "item": "mysticalagriculture:imperium_farmland"
  }
}