{
  "type": "mysticalagriculture:infusion",
  "input": {
    "item": "minecraft:farmland"
  },
  "ingredients": [
    {
      "tag": "mysticalagriculture:essences/tier1"
    },
    {
      "item": "mysticalagriculture:inferium_block"
    },
    {
      "tag": "mysticalagriculture:essences/tier1"
    },
    {
      "item": "mysticalagriculture:inferium_block"
    },
    {
      "tag": "mysticalagriculture:essences/tier1"
    },
    {
      "item": "mysticalagriculture:inferium_block"
    },
    {
      "tag": "mysticalagriculture:essences/tier1"
    },
    {
      "item": "mysticalagriculture:inferium_block"
    }
  ],
  "result": {
    "item": "mysticalagriculture:inferium_farmland"
  }
}