{
  "type": "mysticalagriculture:infusion",
  "input": {
    "item": "mysticalagriculture:supremium_farmland"
  },
  "ingredients": [
    {
      "tag": "mysticalagriculture:essences/tier6"
    },
    {
      "item": "mysticalagradditions:nether_star_crux"
    },
    {
      "tag": "mysticalagriculture:essences/tier6"
    },
    {
      "item": "mysticalagradditions:dragon_egg_crux"
    },
    {
      "tag": "mysticalagriculture:essences/tier6"
    },
    {
      "item": "mysticalagradditions:nether_star_crux"
    },
    {
      "tag": "mysticalagriculture:essences/tier6"
    },
    {
      "item": "mysticalagradditions:dragon_egg_crux"
    }
  ],
  "result": {
    "item": "mysticalagradditions:insanium_farmland"
  }
}