{
  "type": "mysticalagriculture:infusion",
  "input": {
    "item": "mysticalagriculture:inferium_farmland"
  },
  "ingredients": [
    {
      "tag": "mysticalagriculture:essences/tier2"
    },
    {
      "item": "mysticalagriculture:prudentium_block"
    },
    {
      "tag": "mysticalagriculture:essences/tier2"
    },
    {
      "item": "mysticalagriculture:prudentium_block"
    },
    {
      "tag": "mysticalagriculture:essences/tier2"
    },
    {
      "item": "mysticalagriculture:prudentium_block"
    },
    {
      "tag": "mysticalagriculture:essences/tier2"
    },
    {
      "item": "mysticalagriculture:prudentium_block"
    }
  ],
  "result": {
    "item": "mysticalagriculture:prudentium_farmland"
  }
}