{
  "type": "extendedcrafting:shaped_table",
  "conditions": [
    {
      "itemRegistryName": "sophisticatedstorage:stack_upgrade_tier_4",
      "type": "sophisticatedcore:item_enabled"
    }
  ],
  "pattern": [
    "BDBDBDBDB",
    "D       D",
    "B       B",
    "D       D",
    "B   S   B",
    "D       D",
    "B       B",
    "D       D",
    "BDBDBDBDB"
  ],
  "key": {
    "S": {
      "item": "sophisticatedstorage:stack_upgrade_tier_3"
    },
    "D": {
      "tag": "forge:gems/diamond"
    },
    "B": {
      "tag": "forge:storage_blocks/diamond"
    }
  },
  "result": {
    "item": "sophisticatedstorage:stack_upgrade_tier_4"
  }
}