{
  "bookshelf:load_conditions": [
    {
      "type": "bookshelf:item_exists",
      "values": [
        "mysticalagriculture:infinity_seeds",
        "mysticalagriculture:infinity_essence"
      ]
    }
  ],
  "type": "botanypots:crop",
  "seed": {
    "item": "mysticalagriculture:infinity_seeds"
  },
  "categories": [
    "insanium"
  ],
  "growthTicks": 6400,
  "display": {
    "type": "botanypots:aging",
    "block": "mysticalagriculture:infinity_crop"
  },
  "drops": [
    {
      "chance": 1.00,
      "output": {
        "item": "mysticalagriculture:infinity_essence"
      }
    },
    {
      "chance": 0.01,
      "output": {
        "item": "mysticalagriculture:infinity_seeds"
      }
    },
    {
      "chance": 0.01,
      "output": {
        "item": "mysticalagriculture:fertilized_essence"
      },
      "minRolls": 1,
      "maxRolls": 1
    }
  ]
}