{
  "type": "createsifter:sifting",
  "ingredients": [
    {
      "item": "createsifter:zinc_mesh"
    },
    {
      "item": "minecraft:gravel"
    }
  ],
  "processingTime": 500,
  "results": [
    {
      "chance": 0.05,
      "item": "create:copper_nugget"
    },
    {
      "chance": 0.02,
      "item": "create:zinc_nugget"
    },
    {
      "chance": 0.01,
      "item": "mekanism:nugget_osmium"
    },
    {
      "chance": 0.01,
      "item": "mekanism:nugget_tin"
    },
    {
      "chance": 0.01,
      "item": "immersiveengineering:nugget_lead"
    },
    {
      "chance": 0.01,
      "item": "immersiveengineering:nugget_aluminum"
    },
    {
      "chance": 0.01,
      "item": "immersiveengineering:nugget_silver"
    },
    {
      "chance": 0.01,
      "item": "immersiveengineering:nugget_nickel"
    },
    {
      "chance": 0.05,
      "item": "minecraft:iron_nugget"
    },
    {
      "chance": 0.1,
      "item": "minecraft:gold_nugget"
    },
    {
      "chance": 0.1,
      "item": "minecraft:coal"
    },
    {
      "chance": 0.05,
      "item": "minecraft:lapis_lazuli"
    },
    {
      "chance": 0.1,
      "item": "minecraft:flint"
    },
    {
      "chance": 0.1,
      "item": "create:experience_nugget"
    }
  ]
}