{
  "type": "createsifter:sifting",
  "ingredients": [
    {
      "item": "createsifter:advanced_brass_mesh"
    },
    {
      "item": "minecraft:gravel"
    }
  ],
  "processingTime": 500,
  "results": [
    {
      "chance": 0.1,
      "item": "create:crushed_raw_copper"
    },
    {
      "chance": 0.1,
      "item": "create:crushed_raw_zinc"
    },
    {
      "chance": 0.05,
      "item": "create:crushed_raw_gold"
    },
    {
      "chance": 0.15,
      "item": "create:crushed_raw_iron"
    },
    {
      "chance": 0.01,
      "item": "mekanism:raw_osmium"
    },
    {
      "chance": 0.01,
      "item": "mekanism:raw_tin"
    },
    {
      "chance": 0.01,
      "item": "immersiveengineering:raw_lead"
    },
    {
      "chance": 0.01,
      "item": "immersiveengineering:dust_aluminum"
    },
    {
      "chance": 0.01,
      "item": "immersiveengineering:raw_silver"
    },
    {
      "chance": 0.01,
      "item": "immersiveengineering:raw_uranium"
    },
    {
      "chance": 0.01,
      "item": "immersiveengineering:raw_nickel"
    },
    {
      "chance": 0.1,
      "item": "minecraft:lapis_lazuli"
    },
    {
      "chance": 0.05,
      "item": "minecraft:diamond"
    },
    {
      "chance": 0.02,
      "item": "minecraft:emerald"
    },
    {
      "chance": 0.1,
      "item": "create:experience_nugget"
    }
  ]
}