{
  "type": "avaritia:shaped_extreme_craft",
  "pattern": [
    "AAAABAAAA",
    "ACDBBBDCA",
    "ADEFGFEDA",
    "ABFHIHFBA",
    "BBGIJIGBB",
    "ABFHIHFBA",
    "ADEFGFEDA",
    "ACDBBBDCA",
    "AAAABAAAA"
  ],
  "key": {
    "A": {
      "item": "pneumaticcraft:pressure_chamber_wall"
    },
    "B": {
      "item": "pneumaticcraft:advanced_pressure_tube"
    },
    "C": {
      "item": "mysticalagradditions:creative_essence"
    },
    "D": {
      "item": "pneumaticcraft:heat_sink"
    },
    "E": {
      "tag": "forge:storage_blocks/compressed_iron"
    },
    "F": {
      "item": "pneumaticcraft:vortex_tube"
    },
    "G": {
      "item": "pneumaticcraft:flux_compressor"
    },
    "H": {
      "item": "avaritia:infinity_ingot"
    },
    "I": {
      "item": "createaddition:alternator"
    },
    "J": {
      "item": "create:creative_motor"
    }
  },
  "result": {
    "item": "pneumaticcraft:creative_compressor"
  }
}