{
    "parent": "immersiveengineering:multiblocks/multiblocks_root",
    "criteria": {
        "form_multiblock": {
            "conditions": {
                "item": { "items": ["immersiveengineering:hammer"] },
                "multiblock": "immersiveengineering:multiblocks/sawmill"
            },
            "trigger": "immersiveengineering:multiblock_formed"
        }
    },
    "display": {
        "announce_to_chat": false,
        "description": {
            "translate": "advancement.immersiveengineering.mb_sawmill.desc"
        },
        "frame": "task",
        "hidden": true,
        "icon": { "item": "immersiveengineering:sawmill" },
        "show_toast": false,
        "title": { "translate": "advancement.immersiveengineering.mb_sawmill" }
    },
    "requirements": [["form_multiblock"]]
}
