{
  "type": "minecraft:crafting_shaped",
  "group": "bigreactors:reactor",
  "pattern": [
    "CRC",
    "MXM",
    "CGC"
  ],
  "key": {
    "C": {
      "item": "bigreactors:reinforced_reactorcasing"
    },
    "M": {
      "tag": "forge:ingots/hslasteel"
    },
    "R": {
      "tag": "forge:dusts/redstone"
    },
    "G": {
      "tag": "forge:ingots/graphite"
    },
    "X": {
      "item": "bigreactors:basic_reactorcontrolrod"
    }
  },
  "result": {
    "item": "bigreactors:reinforced_reactorcontrolrod"
  }
}