{
  "type": "botania:runic_altar",
  "output": {
    "item": "immersiveengineering:cokebrick",
    "count": 3
  },
  "mana": 5200,
  "ingredients": [
    {
      "tag": "forge:sandstone"
    },
    {
      "tag": "forge:ingots/brick"
    },
    {
      "tag": "forge:ingots/brick"
    },
    {
      "tag": "forge:ingots/brick"
    },
    {
      "tag": "forge:ingots/brick"
    },
    {
      "tag": "forge:clay"
    },
    {
      "tag": "forge:clay"
    },
    {
      "tag": "forge:clay"
    },
    {
      "tag": "forge:clay"
    }
  ]
}