{
  "type": "botania:runic_altar",
  "output": {
    "item": "minecraft:elytra"
  },
  "mana": 25000,
  "ingredients": [
    {
      "item": "minecraft:phantom_membrane"
    },
    {
      "item": "minecraft:phantom_membrane"
    },
    {
      "item": "minecraft:phantom_membrane"
    },
    {
      "item": "minecraft:phantom_membrane"
    },
    {
      "item": "ars_nouveau:wilden_wing"
    },
    {
      "item": "ars_nouveau:wilden_wing"
    },
    {
      "item": "ars_nouveau:air_essence"
    },
    {
      "item": "ars_nouveau:mundane_belt"
    }
  ]
}