{
  "modId": "minecraft",
  "group": {
    "name": "Vanilla Flowers",
    "enabledByDefault": true,
    "defaultPayment": {
      "item": "minecraft:emerald"
    },
    "defaultCategory": "farmingforblockheads:flowers"
  },
  "customEntries": [
    {
      "output": "minecraft:dandelion"
    },
    {
      "output": "minecraft:poppy"
    },
    {
      "output": "minecraft:blue_orchid"
    },
    {
      "output": "minecraft:allium"
    },
    {
      "output": "minecraft:azure_bluet"
    },
    {
      "output": "minecraft:red_tulip"
    },
    {
      "output": "minecraft:orange_tulip"
    },
    {
      "output": "minecraft:white_tulip"
    },
    {
      "output": "minecraft:pink_tulip"
    },
    {
      "output": "minecraft:oxeye_daisy"
    },
    {
      "output": "minecraft:cornflower"
    },
    {
      "output": "minecraft:lily_of_the_valley"
    }
  ]
}
