{
  "type": "avaritia:shaped_extreme_craft",
  "pattern": [
    "AAAABAAAA",
    "ACDDEDDCA",
    "ADFGHGFDA",
    "ADGIJIGDA",
    "BEHJKJHEB",
    "ADGIJIGDA",
    "ADFGHGFDA",
    "ACDDEDDCA",
    "AAAABAAAA"
  ],
  "key": {
    "A": {
      "item": "electrodynamics:compositeplating"
    },
    "B": {
      "item": "electrodynamics:wirehighlyinsulatedsuperconductive"
    },
    "C": {
      "item": "mysticalagradditions:creative_essence"
    },
    "D": {
      "tag": "forge:glass/purple"
    },
    "E": {
      "item": "assemblylinemachines:dark_energy_bucket"
    },
    "F": {
      "item": "electrodynamics:sheetplastic"
    },
    "G": {
      "tag": "forge:plates/hslasteel"
    },
    "H": {
      "item": "assemblylinemachines:condensed_void_bucket"
    },
    "I": {
      "tag": "forge:pellets/polonium"
    },
    "J": {
      "item": "avaritia:infinity_ingot"
    },
    "K": {
      "item": "ars_nouveau:creative_source_jar"
    }
  },
  "result": {
    "item": "electrodynamics:creativepowersource"
  }
}