{
    "type": "minecraft:crafting_shaped",
    "key": {
        "A": {
            "tag": "forge:rods/wooden"
        },
        "B": {
            "tag": "forge:storage_blocks/iron"
        },
        "C": {
            "item": "immersiveengineering:hemp_fiber"
        },
        "D": {
            "item": "immersiveengineering:wirecoil_structure_rope"
        }
    },
    "pattern": [
        "DBC",
        "DAB",
        "ADD"
    ],
    "result": {
        "item": "immersiveengineering:hammer"
    }
}