{
  "type": "extendedcrafting:shaped_table",
  "pattern": [
    "AAABAAA",
    "AAAAAAA",
    "AAAAAAA",
    "CAAAAAC",
    " AAAAA ",
    " AAAAA ",
    " AAAAA "
  ],
  "key": {
    "A": {
      "item": "minecraft:emerald"
    },
    "B": {
      "type": "forge:nbt",
      "item": "pickletweaks:emerald_chestplate",
      "count": 1,
      "nbt": "{Damage:0}"
    },
    "C": {
      "item": "cyclic:gem_amber"
    }
  },
  "result": {
    "item": "cyclic:emerald_chestplate"
  }
}
