{
  "foodItems": {
    "entries": [],
    "isWhitelist": false
  },
  "trackCount": 1000,
  "resetOnDeath": false,
  "limitProgressionToSurvival": false,
  "minFoodsToActivate": 0,
  "benefits": [
    {
      "threshold": 3,
      "benefit": {
        "attribute": "minecraft:generic.max_health",
        "value": 2
      }
    },
    {
      "threshold": 5,
      "benefit": {
        "effect": "minecraft:strength",
        "value": 0
      }
    },
    {
      "threshold": 7,
      "benefit": {
        "effect": "minecraft:regeneration",
        "value": 0
      }
    },
    {
      "threshold": 10,
      "benefit": {
        "effect": "minecraft:speed",
        "value": 0
      }
    },
    {
      "threshold": 13,
      "benefit": {
        "attribute": "minecraft:generic.armor_toughness",
        "value": 2
      }
    },
    {
      "threshold": 18,
      "benefit": {
        "effect": "minecraft:strength",
        "value": 1
      }
    },
    {
      "threshold": 25,
      "benefit": {
        "attribute": "minecraft:generic.max_health",
        "value": 4
      }
    },
    {
      "threshold": 31,
      "benefit": {
        "attribute": "minecraft:generic.max_health",
        "value": 6
      }
    }
  ],
  "shouldExcludedCount": true,
  "defaultDiversity": 1,
  "foodDiversity": [
    {
      "ingredient": "{id:\"item\",item:\"minecraft:golden_carrot\"}",
      "diversity": 2
    },
    {
      "ingredient": "{id:\"item\",item:\"minecraft:golden_apple\"}",
      "diversity": 2
    },
    {
      "ingredient": "{id:\"item\",item:\"minecraft:enchanted_golden_apple\"}",
      "diversity": 5
    }
  ],
  "isFoodTooltipEnabled": true,
  "shouldShowInactiveBenefits": true
}