{
    "type": "minecraft:crafting_shaped",
    "key": {
        "a": {
            "item": "create:electron_tube"
        },
        "c": {
            "item": "immersiveengineering:coil_mv"
        },
        "e": {
            "item": "immersiveengineering:capacitor_lv"
        },
        "f": {
            "tag": "forge:plates/steel"
        },
        "w": {
            "item": "createaddition:capacitor"
        }
    },
    "pattern": [
        "waw",
        "fef",
        "wcw"
    ],
    "result": {
        "item": "immersiveengineering:capacitor_mv"
    }
}