{
  "customEntries": [
    {
      "output": {
        "item": "ars_nouveau:blue_archwood_sapling"
      },
      "payment": {
        "item": "minecraft:emerald"
      },
      "category": "saplings"
    },
    {
      "output": {
        "item": "ars_nouveau:purple_archwood_sapling"
      },
      "payment": {
        "item": "minecraft:emerald"
      },
      "category": "saplings"
    },
    {
      "output": {
        "item": "ars_nouveau:green_archwood_sapling"
      },
      "payment": {
        "item": "minecraft:emerald"
      },
      "category": "saplings"
    },
    {
      "output": {
        "item": "ars_nouveau:red_archwood_sapling"
      },
      "payment": {
        "item": "minecraft:emerald"
      },
      "category": "saplings"
    },
    {
      "output": {
        "item": "quark:blue_blossom_sapling"
      },
      "payment": {
        "item": "minecraft:emerald"
      },
      "category": "saplings"
    },
    {
      "output": {
        "item": "quark:lavender_blossom_sapling"
      },
      "payment": {
        "item": "minecraft:emerald"
      },
      "category": "saplings"
    },
    {
      "output": {
        "item": "quark:orange_blossom_sapling"
      },
      "payment": {
        "item": "minecraft:emerald"
      },
      "category": "saplings"
    },
    {
      "output": {
        "item": "quark:pink_blossom_sapling"
      },
      "payment": {
        "item": "minecraft:emerald"
      },
      "category": "saplings"
    },
    {
      "output": {
        "item": "quark:yellow_blossom_sapling"
      },
      "payment": {
        "item": "minecraft:emerald"
      },
      "category": "saplings"
    },
    {
      "output": {
        "item": "quark:red_blossom_sapling"
      },
      "payment": {
        "item": "minecraft:emerald"
      },
      "category": "saplings"
    },
    {
      "output": {
        "item": "forbidden_arcanus:cherrywood_sapling"
      },
      "payment": {
        "item": "minecraft:emerald"
      },
      "category": "saplings"
    },
    {
      "output": {
        "item": "forbidden_arcanus:mysterywood_sapling"
      },
      "payment": {
        "item": "minecraft:emerald"
      },
      "category": "saplings"
    }
  ]
}