{
    "type": "immersiveengineering:sawmill",
    "energy": 1600,
    "input": [
        {
            "item": "minecraft:crimson_stem"
        },
        {
            "item": "minecraft:crimson_hyphae"
        }
    ],
    "result": {
        "count": 4,
        "item": "minecraft:crimson_planks"
    },
    "secondaries": [
        {
            "output": {
                "tag": "forge:dusts/wood"
            },
            "stripping": true
        },
        {
            "output": {
                "tag": "forge:dusts/wood"
            },
            "stripping": false
        }
    ],
    "stripped": {
        "item": "minecraft:stripped_crimson_stem"
    }
}