{
  "type": "extendedcrafting:shaped_table",
  "pattern": [
    "PSSSBSP",
    "SSSSBSS",
    "BBBBBBB",
    "SSSSBSS",
    "SSSSBSS",
    "SSSSBSS",
    "PSSSBSP"
  ],
  "key": {
    "P": {
      "item": "extendedcrafting:luminessence_block"
    },
    "B": {
      "item": "extendedcrafting:crystaltine_block"
    },
    "S": {
      "item": "extendedcrafting:black_iron_slate"
    }
  },
  "result": {
    "item": "extendedcrafting:crystaltine_component",
    "count": 1
  }
}