{
  "type": "extendedcrafting:shaped_table",
  "conditions": [
    {
      "type": "cucumber:enabled",
      "item": "extendedcrafting:elite_table"
    }
  ],
  "pattern": [
    "BSBSB",
    "SASAS",
    "BCICB",
    "SASAS",
    "BSBSB"
  ],
  "key": {
    "I": {
      "tag": "forge:storage_blocks/mystium"
    },
    "C": {
      "item": "extendedcrafting:advanced_table"
    },
    "B": {
      "item": "extendedcrafting:elite_component"
    },
    "S": {
      "item": "extendedcrafting:black_iron_slate"
    },
    "A": {
      "item": "extendedcrafting:elite_catalyst"
    }
  },
  "result": {
    "item": "extendedcrafting:elite_table"
  }
}