{
  "type": "extendedcrafting:shaped_table",
  "pattern": [
    "PSSSSBSSP",
    "SSSSSBSSS",
    "SSSSSBSSS",
    "BBBBBBBBB",
    "SSSSSBSSS",
    "SSSSSBSSS",
    "SSSSSBSSS",
    "SSSSSBSSS",
    "PSSSSBSSP"
  ],
  "key": {
    "P": {
      "item": "extendedcrafting:luminessence_block"
    },
    "B": {
      "item": "extendedcrafting:the_ultimate_block"
    },
    "S": {
      "item": "extendedcrafting:black_iron_slate"
    }
  },
  "result": {
    "item": "extendedcrafting:the_ultimate_component",
    "count": 1
  }
}