{
  "type": "extendedcrafting:shaped_table",
  "conditions": [
    {
      "type": "cucumber:enabled",
      "item": "extendedcrafting:ultimate_table"
    }
  ],
  "pattern": [
    "BSBSBSB",
    "SBSASBS",
    "BSACASB",
    "SACICAS",
    "BSACASB",
    "SBSASBS",
    "BSBSBSB"
  ],
  "key": {
    "I": {
      "tag": "forge:storage_blocks/flerovium"
    },
    "C": {
      "item": "extendedcrafting:elite_table"
    },
    "B": {
      "item": "extendedcrafting:ultimate_component"
    },
    "S": {
      "item": "extendedcrafting:black_iron_slate"
    },
    "A": {
      "item": "extendedcrafting:ultimate_catalyst"
    }
  },
  "result": {
    "item": "extendedcrafting:ultimate_table"
  }
}