{
	"type": "cyclic:crusher",
	"input": {
		"item": "minecraft:magma_cream"
	},
	"energy": {
		"ticks": 300,
		"rfpertick": 60
	},
	"result": {
		"item": "minecraft:slime_ball",
		"count": 1
	},
	"percent": 10,
	"bonus": {
		"item": "minecraft:blaze_powder",
		"count": 1
	},
	"conditions": [
		{
			"values": [
				{
					"modid": "cyclic",
					"type": "forge:mod_loaded"
				},
				{
					"item": "cyclic:crusher",
					"type": "forge:item_exists"
				}
			],
			"type": "forge:and"
		}
	]
}
