{
  "type": "avaritia:shaped_extreme_craft",
  "pattern": [
    "ABCBCBCBA",
    "DCEFFFECD",
    "DEGHIHGED",
    "DFHJKJHFD",
    "DFIKLKIFD",
    "DFHJKJHFD",
    "DMGHIHGMD",
    "DMMFFFMMD",
    "ADDDDDDDA"
  ],
  "key": {
    "A": {
      "item": "assemblylinemachines:quantum_link"
    },
    "B": {
      "item": "minecraft:blaze_powder"
    },
    "C": {
      "item": "thermal:lightning_charge"
    },
    "D": {
      "item": "avaritia:neutronium_ingot"
    },
    "E": {
      "item": "botania:life_essence"
    },
    "F": {
      "item": "quark:myalite"
    },
    "G": {
      "item": "ae2:quantum_entangled_singularity"
    },
    "H": {
      "item": "mekanism:pellet_antimatter"
    },
    "I": {
      "item": "assemblylinemachines:quantum_fuel"
    },
    "J": {
      "item": "assemblylinemachines:strange_matter"
    },
    "K": {
      "item": "assemblylinemachines:miniature_black_hole"
    },
    "L": {
      "item": "extendedcrafting:ultimate_singularity"
    },
    "M": {
      "item": "avaritia:neutronium"
    }
  },
  "result": {
    "item": "projecte:philosophers_stone"
  }
}