{
  "modId": "minecraft",
  "group": {
    "name": "Vanilla Soil",
    "enabledByDefault": true,
    "defaultPayment": {
      "item": "minecraft:emerald"
    },
    "defaultCategory": "farmingforblockheads:other"
  },
  "customEntries": [
    {
      "output": "minecraft:grass_block"
    },
    {
      "output": "minecraft:podzol"
    },
	{
      "output": "minecraft:mycelium"
    },
	{
      "output": "minecraft:warped_nylium"
    },
	{
      "output": "minecraft:crimson_nylium"
    },
	{
      "output": "minecraft:soul_sand"
    }
  ]
}