{
  "type": "pneumaticcraft:pressure_chamber",
  "inputs": [
    {
      "type": "pneumaticcraft:stacked_item",
      "count": 2,
      "item": "extendedcrafting:advanced_table"
    },
    {
      "tag": "forge:storage_blocks/diamond"
    },
    {
      "type": "pneumaticcraft:stacked_item",
      "count": 4,
      "item": "extendedcrafting:elite_component"
    },
    {
      "item": "extendedcrafting:elite_catalyst"
    }
  ],
  "pressure": 1.0,
  "results": [
    {
      "item": "extendedcrafting:elite_table"
    }
  ]
}

