{
  "type": "minecraft:crafting_shaped",
  "pattern": [
    "waw",
    "fef",
    "wcw"
  ],
  "key": {
    "w": {
      "tag": "forge:treated_wood"
    },
    "f": {
      "item": "immersiveengineering:capacitor_mv"
    },
    "a": {
      "tag": "forge:plates/aluminum"
    },
    "c": {
      "tag": "forge:ingots/hop_graphite"
    },
    "e": {
      "tag": "forge:redstone_acid",
      "amount": 1000,
      "type": "immersiveengineering:fluid"
    }
  },
  "result": {
    "item": "immersiveengineering:capacitor_hv"
  }
}