{
  "type": "avaritia:shaped_extreme_craft",
  "pattern": [
    "AAAABAAAA",
    "ACDEFEDCA",
    "ADGBHBGDA",
    "AEBIJIBEA",
    "BFHJKJHFB",
    "AEBIJIBEA",
    "ADGBHBGDA",
    "ACDEFEDCA",
    "AAAABAAAA"
  ],
  "key": {
    "A": {
      "tag": "forge:treated_wood"
    },
    "B": {
      "item": "immersiveengineering:connector_hv"
    },
    "C": {
      "item": "mysticalagradditions:creative_essence"
    },
    "D": {
      "item": "immersiveengineering:heavy_engineering"
    },
    "E": {
      "item": "immersiveengineering:wirecoil_steel"
    },
    "F": {
      "item": "immersiveengineering:connector_hv_relay"
    },
    "G": {
      "item": "immersiveengineering:blastbrick_reinforced"
    },
    "H": {
      "item": "immersiveengineering:capacitor_hv"
    },
    "I": {
      "item": "avaritia:infinity_ingot"
    },
    "J": {
      "item": "dynamicelectricity:motorachv"
    },
    "K": {
      "item": "electrodynamics:creativepowersource"
    }
  },
  "result": {
    "item": "immersiveengineering:capacitor_creative"
  }
}