{
  "type": "avaritia:shaped_extreme_craft",
  "pattern": [
    "AAAABAAAA",
    "ACDDBDDCA",
    "ADEFGFEDA",
    "ADFHIHFDA",
    "BBGIJIGBB",
    "ADFHIHFDA",
    "ADEFGFEDA",
    "ACDDBDDCA",
    "AAAABAAAA"
  ],
  "key": {
    "A": {
      "item": "mekanismadditions:light_gray_plastic"
    },
    "B": {
      "item": "mekanism:ultimate_pressurized_tube"
    },
    "C": {
      "item": "mysticalagradditions:creative_essence"
    },
    "D": {
      "item": "bigreactors:reinforced_reactorcasing"
    },
    "E": {
      "item": "mekanism:crystal_osmium"
    },
    "F": {
      "item": "mekanism:upgrade_gas"
    },
    "G": {
      "item": "mekanism:ultimate_chemical_tank"
    },
    "H": {
      "item": "avaritia:infinity_ingot"
    },
    "I": {
      "item": "pneumaticcraft:advanced_pressure_tube"
    },
    "J": {
      "item": "pneumaticcraft:creative_compressor"
    }
  },
  "result": {
    "item": "mekanism:creative_chemical_tank"
  }
}