{
  "type": "avaritia:shaped_extreme_craft",
  "pattern": [
    "AAAABAAAA",
    "ACDEBEDCA",
    "ADFGBGFDA",
    "AEGHBHGEA",
    "BBBBIBBBB",
    "AEGHBHGEA",
    "ADFGBGFDA",
    "ACDEBEDCA",
    "AAAABAAAA"
  ],
  "key": {
    "A": {
      "item": "mekanismadditions:black_plastic"
    },
    "B": {
      "item": "mekanism:ultimate_universal_cable"
    },
    "C": {
      "item": "mysticalagradditions:creative_essence"
    },
    "D": {
      "tag": "forge:pellets/polonium"
    },
    "E": {
      "item": "mekanism:module_energy_unit"
    },
    "F": {
      "tag": "forge:pellets/plutonium"
    },
    "G": {
      "tag": "mekanism:crystals/osmium"
    },
    "H": {
      "item": "avaritia:infinity_ingot"
    },
    "I": {
      "item": "cyclic:battery_infinite"
    }
  },
  "result": {
    "type": "forge:nbt",
    "item": "mekanism:creative_energy_cube",
    "nbt": {
      "mekData": {
        "EnergyContainers": [
          {
            "Container": false,
            "stored": "18446744073709551615.9999"
          }
        ]
      }
    }
  }
}