{
  "type": "extendedcrafting:shaped_table",
  "conditions": [
    {
      "itemRegistryName": "sophisticatedbackpacks:stack_upgrade_tier_3",
      "type": "sophisticatedcore:item_enabled"
    }
  ],
  "pattern": [
    "DDDDDDD",
    "D     D",
    "D     D",
    "D  S  D",
    "D     D",
    "D     D",
    "DDDDDDD"
  ],
  "key": {
    "S": {
      "item": "sophisticatedbackpacks:stack_upgrade_tier_2"
    },
    "D": {
      "tag": "forge:storage_blocks/diamond"
    }
  },
  "result": {
    "item": "sophisticatedbackpacks:stack_upgrade_tier_3"
  }
}