{
  "type": "extendedcrafting:shaped_table",
  "conditions": [
    {
      "itemRegistryName": "sophisticatedbackpacks:stack_upgrade_tier_4",
      "type": "sophisticatedcore:item_enabled"
    }
  ],
  "pattern": [
    "NNNNNNNNN",
    "N       N",
    "N       N",
    "N       N",
    "N   S   N",
    "N       N",
    "N       N",
    "N       N",
    "NNNNNNNNN"
  ],
  "key": {
    "S": {
      "item": "sophisticatedbackpacks:stack_upgrade_tier_3"
    },
    "N": {
      "tag": "forge:storage_blocks/netherite"
    }
  },
  "result": {
    "item": "sophisticatedbackpacks:stack_upgrade_tier_4"
  }
}