{
  "type": "create:sequenced_assembly",
  "ingredient": {
    "item": "material_elements:leather_sheet"
  },
  "transitionalItem": {
    "item": "material_elements:leather_sheet"
  },
  "sequence": [
    {
      "type": "create:deploying",
      "ingredients": [
        {
          "item": "material_elements:leather_sheet"
        },
        {
          "tag": "forge:plates/pure_iron"
        }
      ],
      "results": [
        {
          "item": "material_elements:leather_sheet"
        }
      ]
    },
    {
      "type": "create:deploying",
      "ingredients": [
        {
          "item": "material_elements:leather_sheet"
        },
        {
          "tag": "forge:string"
        }
      ],
      "results": [
        {
          "item": "material_elements:leather_sheet"
        }
      ]
    },
    {
      "type": "create:pressing",
      "ingredients": [
        {
          "item": "material_elements:leather_sheet"
        }
      ],
      "results": [
        {
          "item": "material_elements:leather_sheet"
        }
      ]
    },
    {
      "type": "create:pressing",
      "ingredients": [
        {
          "item": "material_elements:leather_sheet"
        }
      ],
      "results": [
        {
          "item": "material_elements:leather_sheet"
        }
      ]
    },
    {
      "type": "create:pressing",
      "ingredients": [
        {
          "item": "material_elements:leather_sheet"
        }
      ],
      "results": [
        {
          "item": "material_elements:leather_sheet"
        }
      ]
    }
  ],
  "results": [
    {
      "item": "sophisticatedbackpacks:upgrade_base",
      "chance": 100.0
    }
  ],
  "loops": 4
}