{
  "type": "forge:conditional",
  "recipes": [
    {
      "conditions": [
        {
          "type": "forge:and",
          "values": [
            {
              "type": "forge:item_exists",
              "item": "industrialforegoing:machine_frame_pity"
            }
          ]
        }
      ],
      "recipe": {
        "type": "minecraft:crafting_shaped",
        "category": "misc",
        "key": {
          "I": {
            "tag": "forge:ingots/iron"
          },
          "R": {
            "item": "rftoolsbase:machine_frame"
          },
          "W": {
            "tag": "minecraft:logs"
          }
        },
        "pattern": [
          "WIW",
          "IRI",
          "WIW"
        ],
        "result": {
          "item": "industrialforegoing:machine_frame_pity"
        },
        "show_notification": true
      }
    }
  ]
}