{
	"type": "minecraft:crafting_shaped",
	"pattern": [
		"ssi",
		"arc",
		"sti"
	],
	"key": {
		"s": {
			"tag": "forge:plates/steel"
		},
		"a": {
			"item": "dynamicelectricity:stator"
		},
		"t": {
			"item": "electrodynamics:tanksteel"
		},
		"r": {
			"item": "dynamicelectricity:shaftsteel"
		},
		"i": {
			"item": "electrodynamics:insulation"
		},
		"c": {
			"item": "dynamicelectricity:commutator"
		}
	},
	"result": {
		"item": "dynamicelectricity:motoraclv",
		"count": 1
	}
}