{
	"type": "create:sequenced_assembly",
	"ingredient": {
		"item": "minecraft:conduit"
	},
	"transitionalItem": {
		"item": "minecraft:conduit"
	},
	"sequence": [
		{
			"type": "create:deploying",
			"ingredients": [
				{
					"item": "minecraft:conduit"
				},
				{
					"item": "minecraft:stone"
				}
			],
			"results": [
				{
					"item": "minecraft:conduit"
				}
			]
		},
		{
			"type": "create:deploying",
			"ingredients": [
				{
					"item": "minecraft:conduit"
				},
				{
					"tag": "forge:dusts/novasteel"
				}
			],
			"results": [
				{
					"item": "minecraft:conduit"
				}
			]
		},
		{
			"type": "create:deploying",
			"ingredients": [
				{
					"item": "minecraft:conduit"
				},
				{
					"tag": "forge:ingots/pure_gold"
				}
			],
			"results": [
				{
					"item": "minecraft:conduit"
				}
			]
		},
		{
			"type": "create:deploying",
			"ingredients": [
				{
					"item": "minecraft:conduit"
				},
				{
					"item": "minecraft:red_carpet"
				}
			],
			"results": [
				{
					"item": "minecraft:conduit"
				}
			]
		}
	],
	"results": [
		{
			"item": "mysticalagriculture:infusion_altar",
			"chance": 90.0
		},
		{
			"item": "minecraft:conduit",
			"chance": 10.0
		}
	],
	"loops": 4
}