{
  "type": "botania:runic_altar",
  "output": {
    "item": "immersiveengineering:blastbrick",
    "count": 3
  },
  "mana": 5200,
  "ingredients": [
    {
      "tag": "forge:magma"
    },
    {
      "tag": "forge:ingots/brick"
    },
    {
      "tag": "forge:ingots/brick"
    },
    {
      "tag": "forge:ingots/brick"
    },
    {
      "tag": "forge:ingots/brick"
    },
    {
      "tag": "forge:ingots/nether_brick"
    },
    {
      "tag": "forge:ingots/nether_brick"
    },
    {
      "tag": "forge:ingots/nether_brick"
    },
    {
      "tag": "forge:ingots/nether_brick"
    }
  ]
}