{
  "type": "create:sequenced_assembly",
  "ingredient": {
    "item": "rftoolscontrol:cpu_core_2000"
  },
  "transitionalItem": {
    "item": "rftoolscontrol:cpu_core_2000"
  },
  "sequence": [
    {
      "type": "create:deploying",
      "ingredients": [
        {
          "item": "rftoolscontrol:cpu_core_2000"
        },
        {
          "tag": "immersiveengineering:circuits/logic"
        }
      ],
      "results": [
        {
          "item": "rftoolscontrol:cpu_core_2000"
        }
      ]
    },
    {
      "type": "create:deploying",
      "ingredients": [
        {
          "item": "rftoolscontrol:cpu_core_2000"
        },
        {
          "tag": "forge:dusts/redstone"
        }
      ],
      "results": [
        {
          "item": "rftoolscontrol:cpu_core_2000"
        }
      ]
    },
    {
      "type": "create:deploying",
      "ingredients": [
        {
          "item": "rftoolscontrol:cpu_core_2000"
        },
        {
          "tag": "forge:dusts/certus_quartz"
        }
      ],
      "results": [
        {
          "item": "rftoolscontrol:cpu_core_2000"
        }
      ]
    },
    {
      "type": "create:deploying",
      "ingredients": [
        {
          "item": "rftoolscontrol:cpu_core_2000"
        },
        {
          "item": "electrodynamics:wiresuperconductive"
        }
      ],
      "results": [
        {
          "item": "rftoolscontrol:cpu_core_2000"
        }
      ]
    }
  ],
  "results": [
    {
      "item": "advgenerators:controller",
      "chance": 90.0
    },
    {
      "item": "rftoolscontrol:cpu_core_2000",
      "chance": 10.0
    }
  ],
  "loops": 4
}