{
  "type": "extendedcrafting:shaped_table",
  "pattern": [
    "       ",
    "       ",
    " AA AA ",
    " AA AA ",
    "BAA AAB",
    "AAA AAA",
    "AAACAAA"
  ],
  "key": {
    "A": {
      "item": "minecraft:emerald"
    },
    "B": {
      "item": "cyclic:gem_amber"
    },
    "C": {
      "type": "forge:nbt",
      "item": "pickletweaks:emerald_boots",
      "count": 1,
      "nbt": "{Damage:0}"
    }
  },
  "result": {
    "item": "cyclic:emerald_boots"
  }
}
