{
  "type": "extendedcrafting:shaped_table",
  "pattern": [
    "CCCCCCCCC",
    "CNNNNNNNC",
    "CNHHHHHNC",
    "CNHAAAHNC",
    "CNHATAHNC",
    "CNHAAAHNC",
    "CNHHHHHNC",
    "CNNNNNNNC",
    "CCCCCCCCC"
  ],
  "key": {
    "C": {
      "item": "avaritia:crystal_matrix_ingot"
    },
    "N": {
      "tag": "forge:plates/novasteel"
    },
    "H": {
      "tag": "forge:plates/hslasteel"
    },
    "A": {
      "tag": "forge:pellets/antimatter"
    },
    "T": {
      "item": "extendedcrafting:ultimate_table"
    }
  },
  "result": {
    "item": "avaritia:extreme_crafting_table",
    "count": 1
  }
}